entry_date,exit_date,ticker,gross_ret,gross_pnl,fees,net_pnl
2023-12-27 00:00:00+00:00,2024-01-04 00:00:00+00:00,NVDA,0.022897024866414872,22.897024866414874,0.0,22.897024866414874
2023-12-27 00:00:00+00:00,2024-01-04 00:00:00+00:00,MSFT,-0.0005175118904517939,-0.5175118904517939,0.0,-0.5175118904517939
2023-12-28 00:00:00+00:00,2024-01-05 00:00:00+00:00,MSFT,0.018872938469125078,18.872938469125078,0.0,18.872938469125078
2023-12-28 00:00:00+00:00,2024-01-05 00:00:00+00:00,AMZN,0.026576700633434314,26.576700633434314,0.0,26.576700633434314
2023-12-29 00:00:00+00:00,2024-01-08 00:00:00+00:00,MSFT,0.0029335133056742624,2.9335133056742624,0.0,2.9335133056742624
2023-12-29 00:00:00+00:00,2024-01-08 00:00:00+00:00,GOOGL,0.015194668131677469,15.194668131677469,0.0,15.194668131677469
2024-01-02 00:00:00+00:00,2024-01-09 00:00:00+00:00,NVDA,0.022770866392219258,22.770866392219258,0.0,22.770866392219258
2024-01-02 00:00:00+00:00,2024-01-09 00:00:00+00:00,GOOGL,0.009448874964397502,9.448874964397502,0.0,9.448874964397502
2024-01-03 00:00:00+00:00,2024-01-10 00:00:00+00:00,NVDA,0.008683233151619785,8.683233151619785,0.0,8.683233151619785
2024-01-03 00:00:00+00:00,2024-01-10 00:00:00+00:00,AAPL,-0.0032256495874735114,-3.2256495874735114,0.0,-3.2256495874735114
2024-01-04 00:00:00+00:00,2024-01-11 00:00:00+00:00,NVDA,-0.0020435569568516554,-2.0435569568516554,0.0,-2.0435569568516554
2024-01-04 00:00:00+00:00,2024-01-11 00:00:00+00:00,MSFT,0.00998229328192446,9.98229328192446,0.0,9.98229328192446
2024-01-05 00:00:00+00:00,2024-01-12 00:00:00+00:00,NVDA,0.03056437222092212,30.56437222092212,0.0,30.56437222092212
2024-01-05 00:00:00+00:00,2024-01-12 00:00:00+00:00,AAPL,-0.012315350900925282,-12.315350900925282,0.0,-12.315350900925282
2024-01-08 00:00:00+00:00,2024-01-16 00:00:00+00:00,NVDA,-0.005836841647728019,-5.836841647728019,0.0,-5.836841647728019
2024-01-08 00:00:00+00:00,2024-01-16 00:00:00+00:00,GOOGL,-0.007156189469977092,-7.156189469977092,0.0,-7.156189469977092
2024-01-09 00:00:00+00:00,2024-01-17 00:00:00+00:00,NVDA,0.018803614034273775,18.803614034273775,0.0,18.803614034273775
2024-01-09 00:00:00+00:00,2024-01-17 00:00:00+00:00,AMZN,0.011798826708852461,11.798826708852461,0.0,11.798826708852461
2024-01-10 00:00:00+00:00,2024-01-18 00:00:00+00:00,NVDA,0.041745780405949784,41.74578040594979,0.0,41.74578040594979
2024-01-10 00:00:00+00:00,2024-01-18 00:00:00+00:00,AMZN,0.0119869706840392,11.9869706840392,0.0,11.9869706840392
2024-01-11 00:00:00+00:00,2024-01-19 00:00:00+00:00,NVDA,0.002740688804033997,2.740688804033997,0.0,2.740688804033997
2024-01-11 00:00:00+00:00,2024-01-19 00:00:00+00:00,GOOGL,-0.0026602491583876953,-2.6602491583876953,0.0,-2.6602491583876953
2024-01-12 00:00:00+00:00,2024-01-22 00:00:00+00:00,NVDA,0.0036722107547146887,3.6722107547146887,0.0,3.6722107547146887
2024-01-12 00:00:00+00:00,2024-01-22 00:00:00+00:00,GOOGL,0.007183957432474353,7.183957432474353,0.0,7.183957432474353
2024-01-16 00:00:00+00:00,2024-01-23 00:00:00+00:00,NVDA,0.02486964570027128,24.86964570027128,0.0,24.86964570027128
2024-01-16 00:00:00+00:00,2024-01-23 00:00:00+00:00,AAPL,-0.003484266680411241,-3.484266680411241,0.0,-3.484266680411241
2024-01-17 00:00:00+00:00,2024-01-24 00:00:00+00:00,NVDA,0.004153578059718166,4.153578059718166,0.0,4.153578059718166
2024-01-17 00:00:00+00:00,2024-01-24 00:00:00+00:00,AAPL,-0.0016965019990793362,-1.6965019990793362,0.0,-1.6965019990793362
2024-01-18 00:00:00+00:00,2024-01-25 00:00:00+00:00,NVDA,-0.009509817449816937,-9.509817449816937,0.0,-9.509817449816937
2024-01-18 00:00:00+00:00,2024-01-25 00:00:00+00:00,AAPL,-0.009009849179580476,-9.009849179580476,0.0,-9.009849179580476
2024-01-19 00:00:00+00:00,2024-01-26 00:00:00+00:00,NVDA,0.023498001268567492,23.498001268567492,0.0,23.498001268567492
2024-01-19 00:00:00+00:00,2024-01-26 00:00:00+00:00,AMZN,0.013448969331322225,13.448969331322225,0.0,13.448969331322225
2024-01-22 00:00:00+00:00,2024-01-29 00:00:00+00:00,NVDA,0.004944961679749671,4.944961679749671,0.0,4.944961679749671
2024-01-22 00:00:00+00:00,2024-01-29 00:00:00+00:00,AMZN,-0.014014634751333244,-14.014634751333244,0.0,-14.014634751333244
2024-01-23 00:00:00+00:00,2024-01-30 00:00:00+00:00,NVDA,-0.019865766250983907,-19.865766250983906,0.0,-19.865766250983906
2024-01-23 00:00:00+00:00,2024-01-30 00:00:00+00:00,MSFT,-0.026950522490001405,-26.950522490001404,0.0,-26.950522490001404
2024-01-24 00:00:00+00:00,2024-01-31 00:00:00+00:00,AMZN,0.02628865979381456,26.28865979381456,0.0,26.28865979381456
2024-01-24 00:00:00+00:00,2024-01-31 00:00:00+00:00,MSFT,0.01559696727044213,15.59696727044213,0.0,15.59696727044213
2024-01-25 00:00:00+00:00,2024-02-01 00:00:00+00:00,NVDA,0.04970869287134727,49.70869287134727,0.0,49.70869287134727
2024-01-25 00:00:00+00:00,2024-02-01 00:00:00+00:00,AMZN,0.07866649924660973,78.66649924660973,0.0,78.66649924660973
2024-01-26 00:00:00+00:00,2024-02-02 00:00:00+00:00,NVDA,0.04794439774301029,47.94439774301029,0.0,47.94439774301029
2024-01-26 00:00:00+00:00,2024-02-02 00:00:00+00:00,AAPL,0.00984616383930037,9.84616383930037,0.0,9.84616383930037
2024-01-29 00:00:00+00:00,2024-02-05 00:00:00+00:00,NVDA,-0.015994275186366536,-15.994275186366536,0.0,-15.994275186366536
2024-01-29 00:00:00+00:00,2024-02-05 00:00:00+00:00,AAPL,0.008629885131404613,8.629885131404613,0.0,8.629885131404613
2024-01-30 00:00:00+00:00,2024-02-06 00:00:00+00:00,NVDA,0.027497041949336998,27.497041949336996,0.0,27.497041949336996
2024-01-30 00:00:00+00:00,2024-02-06 00:00:00+00:00,AMZN,0.00815843925509907,8.15843925509907,0.0,8.15843925509907
2024-01-31 00:00:00+00:00,2024-02-07 00:00:00+00:00,NVDA,-0.006534045100464958,-6.534045100464958,0.0,-6.534045100464958
2024-01-31 00:00:00+00:00,2024-02-07 00:00:00+00:00,AMZN,-0.0040462088782032835,-4.0462088782032835,0.0,-4.0462088782032835
2024-02-01 00:00:00+00:00,2024-02-08 00:00:00+00:00,AMZN,0.02714319359397077,27.14319359397077,0.0,27.14319359397077
2024-02-01 00:00:00+00:00,2024-02-08 00:00:00+00:00,NVDA,0.03578364061521477,35.78364061521477,0.0,35.78364061521477
2024-02-02 00:00:00+00:00,2024-02-09 00:00:00+00:00,NVDA,0.001594730455884985,1.594730455884985,0.0,1.594730455884985
2024-02-02 00:00:00+00:00,2024-02-09 00:00:00+00:00,AMZN,-0.012095156205216284,-12.095156205216284,0.0,-12.095156205216284
2024-02-05 00:00:00+00:00,2024-02-12 00:00:00+00:00,GOOGL,-0.01620430209934809,-16.20430209934809,0.0,-16.20430209934809
2024-02-05 00:00:00+00:00,2024-02-12 00:00:00+00:00,AAPL,-0.011279265156680318,-11.279265156680317,0.0,-11.279265156680317
2024-02-06 00:00:00+00:00,2024-02-13 00:00:00+00:00,NVDA,0.02456748604514103,24.56748604514103,0.0,24.56748604514103
2024-02-06 00:00:00+00:00,2024-02-13 00:00:00+00:00,GOOGL,0.005511146761077557,5.511146761077557,0.0,5.511146761077557
2024-02-07 00:00:00+00:00,2024-02-14 00:00:00+00:00,NVDA,-0.01680585822764258,-16.805858227642577,0.0,-16.805858227642577
2024-02-07 00:00:00+00:00,2024-02-14 00:00:00+00:00,GOOGL,-0.021724330011759774,-21.724330011759776,0.0,-21.724330011759776
2024-02-08 00:00:00+00:00,2024-02-15 00:00:00+00:00,NVDA,-0.0006195155663611951,-0.6195155663611951,0.0,-0.6195155663611951
2024-02-08 00:00:00+00:00,2024-02-15 00:00:00+00:00,AMZN,-0.0017078916372204045,-1.7078916372204045,0.0,-1.7078916372204045
2024-02-09 00:00:00+00:00,2024-02-16 00:00:00+00:00,AMZN,-0.014335437437319243,-14.335437437319243,0.0,-14.335437437319243
2024-02-09 00:00:00+00:00,2024-02-16 00:00:00+00:00,AAPL,-0.004116768529591752,-4.116768529591752,0.0,-4.116768529591752
2024-02-12 00:00:00+00:00,2024-02-20 00:00:00+00:00,AMZN,0.009037586784773621,9.037586784773621,0.0,9.037586784773621
2024-02-12 00:00:00+00:00,2024-02-20 00:00:00+00:00,GOOGL,0.010134414337529263,10.134414337529263,0.0,10.134414337529263
2024-02-13 00:00:00+00:00,2024-02-21 00:00:00+00:00,NVDA,0.16400925682958034,164.00925682958035,0.0,164.00925682958035
2024-02-13 00:00:00+00:00,2024-02-21 00:00:00+00:00,GOOGL,0.010800154891399849,10.800154891399849,0.0,10.800154891399849
2024-02-14 00:00:00+00:00,2024-02-22 00:00:00+00:00,GOOGL,-0.0008985226615773056,-0.8985226615773056,0.0,-0.8985226615773056
2024-02-14 00:00:00+00:00,2024-02-22 00:00:00+00:00,AMZN,0.0023484935273228036,2.3484935273228036,0.0,2.3484935273228036
2024-02-15 00:00:00+00:00,2024-02-23 00:00:00+00:00,AMZN,-0.0014857991885252053,-1.4857991885252053,0.0,-1.4857991885252053
2024-02-15 00:00:00+00:00,2024-02-23 00:00:00+00:00,MSFT,-0.006822743458474223,-6.822743458474223,0.0,-6.822743458474223
2024-02-16 00:00:00+00:00,2024-02-26 00:00:00+00:00,AMZN,-0.006810507640359398,-6.810507640359398,0.0,-6.810507640359398
2024-02-16 00:00:00+00:00,2024-02-26 00:00:00+00:00,MSFT,-0.0001480520057345336,-0.1480520057345336,0.0,-0.1480520057345336
2024-02-20 00:00:00+00:00,2024-02-27 00:00:00+00:00,NVDA,-0.013187813220096545,-13.187813220096544,0.0,-13.187813220096544
2024-02-20 00:00:00+00:00,2024-02-27 00:00:00+00:00,AMZN,-0.0021896968998501576,-2.1896968998501576,0.0,-2.1896968998501576
2024-02-21 00:00:00+00:00,2024-02-28 00:00:00+00:00,NVDA,0.018656355976409467,18.656355976409465,0.0,18.656355976409465
2024-02-21 00:00:00+00:00,2024-02-28 00:00:00+00:00,AMZN,0.02079002079002068,20.79002079002068,0.0,20.79002079002068
2024-02-22 00:00:00+00:00,2024-02-29 00:00:00+00:00,AMZN,0.008259787282190567,8.259787282190567,0.0,8.259787282190567
2024-02-22 00:00:00+00:00,2024-02-29 00:00:00+00:00,MSFT,0.0044976162633803,4.4976162633803,0.0,4.4976162633803
2024-02-23 00:00:00+00:00,2024-03-01 00:00:00+00:00,MSFT,-0.0013964891729734141,-1.3964891729734141,0.0,-1.3964891729734141
2024-02-23 00:00:00+00:00,2024-03-01 00:00:00+00:00,AAPL,-0.025383634574087433,-25.38363457408743,0.0,-25.38363457408743
2024-02-26 00:00:00+00:00,2024-03-04 00:00:00+00:00,MSFT,-0.02957086974857115,-29.57086974857115,0.0,-29.57086974857115
2024-02-26 00:00:00+00:00,2024-03-04 00:00:00+00:00,AAPL,-0.028431749456325206,-28.431749456325207,0.0,-28.431749456325207
2024-02-27 00:00:00+00:00,2024-03-05 00:00:00+00:00,MSFT,-0.001391105416819638,-1.391105416819638,0.0,-1.391105416819638
2024-02-27 00:00:00+00:00,2024-03-05 00:00:00+00:00,AMZN,-0.0035033310360671477,-3.5033310360671477,0.0,-3.5033310360671477
2024-02-28 00:00:00+00:00,2024-03-06 00:00:00+00:00,MSFT,0.017531837416592477,17.531837416592477,0.0,17.531837416592477
2024-02-28 00:00:00+00:00,2024-03-06 00:00:00+00:00,AMZN,0.019076710276064723,19.076710276064723,0.0,19.076710276064723
2024-02-29 00:00:00+00:00,2024-03-07 00:00:00+00:00,NVDA,-0.05547718169268112,-55.47718169268112,0.0,-55.47718169268112
2024-02-29 00:00:00+00:00,2024-03-07 00:00:00+00:00,AMZN,-0.008313539192399078,-8.313539192399077,0.0,-8.313539192399077
2024-03-01 00:00:00+00:00,2024-03-08 00:00:00+00:00,NVDA,-0.020038328230901903,-20.038328230901904,0.0,-20.038328230901904
2024-03-01 00:00:00+00:00,2024-03-08 00:00:00+00:00,MSFT,-0.004181210545859515,-4.181210545859515,0.0,-4.181210545859515
2024-03-04 00:00:00+00:00,2024-03-11 00:00:00+00:00,NVDA,0.07157117235621047,71.57117235621047,0.0,71.57117235621047
2024-03-04 00:00:00+00:00,2024-03-11 00:00:00+00:00,AAPL,0.0027684236851441835,2.7684236851441835,0.0,2.7684236851441835
2024-03-05 00:00:00+00:00,2024-03-12 00:00:00+00:00,AAPL,-0.012121915146593998,-12.121915146593999,0.0,-12.121915146593999
2024-03-05 00:00:00+00:00,2024-03-12 00:00:00+00:00,AMZN,0.0066423399281603235,6.6423399281603235,0.0,6.6423399281603235
2024-03-06 00:00:00+00:00,2024-03-13 00:00:00+00:00,GOOGL,0.02368524966794716,23.68524966794716,0.0,23.68524966794716
2024-03-06 00:00:00+00:00,2024-03-13 00:00:00+00:00,AMZN,0.012432386508453463,12.432386508453463,0.0,12.432386508453463
2024-03-07 00:00:00+00:00,2024-03-14 00:00:00+00:00,GOOGL,-0.013423666049486749,-13.423666049486748,0.0,-13.423666049486748
2024-03-07 00:00:00+00:00,2024-03-14 00:00:00+00:00,AAPL,-0.0021952876814161915,-2.1952876814161915,0.0,-2.1952876814161915
2024-03-08 00:00:00+00:00,2024-03-15 00:00:00+00:00,AAPL,0.0063733564597896475,6.3733564597896475,0.0,6.3733564597896475
2024-03-08 00:00:00+00:00,2024-03-15 00:00:00+00:00,GOOGL,0.04604393260823203,46.043932608232026,0.0,46.043932608232026
2024-03-11 00:00:00+00:00,2024-03-18 00:00:00+00:00,NVDA,0.010662188750933055,10.662188750933055,0.0,10.662188750933055
2024-03-11 00:00:00+00:00,2024-03-18 00:00:00+00:00,AAPL,0.013579789941239095,13.579789941239095,0.0,13.579789941239095
2024-03-12 00:00:00+00:00,2024-03-19 00:00:00+00:00,AAPL,0.014710245817451506,14.710245817451506,0.0,14.710245817451506
2024-03-12 00:00:00+00:00,2024-03-19 00:00:00+00:00,AMZN,0.012791358726549129,12.791358726549129,0.0,12.791358726549129
2024-03-13 00:00:00+00:00,2024-03-20 00:00:00+00:00,AAPL,-0.04085924759601878,-40.859247596018776,0.0,-40.859247596018776
2024-03-13 00:00:00+00:00,2024-03-20 00:00:00+00:00,MSFT,0.009736221012453417,9.736221012453417,0.0,9.736221012453417
2024-03-14 00:00:00+00:00,2024-03-21 00:00:00+00:00,AAPL,0.00531178912314445,5.31178912314445,0.0,5.31178912314445
2024-03-14 00:00:00+00:00,2024-03-21 00:00:00+00:00,MSFT,-0.0014661417285950495,-1.4661417285950495,0.0,-1.4661417285950495
2024-03-15 00:00:00+00:00,2024-03-22 00:00:00+00:00,NVDA,0.007562585727515669,7.562585727515669,0.0,7.562585727515669
2024-03-15 00:00:00+00:00,2024-03-22 00:00:00+00:00,GOOGL,-0.0046397071060076955,-4.6397071060076955,0.0,-4.6397071060076955
2024-03-18 00:00:00+00:00,2024-03-25 00:00:00+00:00,AAPL,-0.006680466691757592,-6.680466691757592,0.0,-6.680466691757592
2024-03-18 00:00:00+00:00,2024-03-25 00:00:00+00:00,NVDA,-0.02569499134551001,-25.69499134551001,0.0,-25.69499134551001
2024-03-19 00:00:00+00:00,2024-03-26 00:00:00+00:00,NVDA,-0.024966743787220746,-24.966743787220746,0.0,-24.966743787220746
2024-03-19 00:00:00+00:00,2024-03-26 00:00:00+00:00,AMZN,0.008581043185642123,8.581043185642123,0.0,8.581043185642123
2024-03-20 00:00:00+00:00,2024-03-27 00:00:00+00:00,GOOGL,0.00039913520705137095,0.39913520705137095,0.0,0.39913520705137095
2024-03-20 00:00:00+00:00,2024-03-27 00:00:00+00:00,AMZN,0.0030584440860812467,3.0584440860812467,0.0,3.0584440860812467
2024-03-21 00:00:00+00:00,2024-03-28 00:00:00+00:00,GOOGL,0.030209129899923637,30.20912989992364,0.0,30.20912989992364
2024-03-21 00:00:00+00:00,2024-03-28 00:00:00+00:00,AMZN,0.0032708726022840917,3.2708726022840917,0.0,3.2708726022840917
2024-03-22 00:00:00+00:00,2024-04-01 00:00:00+00:00,AAPL,-0.00700813084995755,-7.00813084995755,0.0,-7.00813084995755
2024-03-22 00:00:00+00:00,2024-04-01 00:00:00+00:00,GOOGL,-0.005976969947330324,-5.976969947330324,0.0,-5.976969947330324
2024-03-25 00:00:00+00:00,2024-04-02 00:00:00+00:00,GOOGL,0.00232464513447872,2.32464513447872,0.0,2.32464513447872
2024-03-25 00:00:00+00:00,2024-04-02 00:00:00+00:00,AAPL,0.004796305773419274,4.796305773419274,0.0,4.796305773419274
2024-03-26 00:00:00+00:00,2024-04-03 00:00:00+00:00,AAPL,-0.00489185795844882,-4.89185795844882,0.0,-4.89185795844882
2024-03-26 00:00:00+00:00,2024-04-03 00:00:00+00:00,GOOGL,-0.02833635656905953,-28.33635656905953,0.0,-28.33635656905953
2024-03-27 00:00:00+00:00,2024-04-04 00:00:00+00:00,NVDA,0.024480495361804966,24.480495361804966,0.0,24.480495361804966
2024-03-27 00:00:00+00:00,2024-04-04 00:00:00+00:00,GOOGL,0.013087888202899078,13.087888202899078,0.0,13.087888202899078
2024-03-28 00:00:00+00:00,2024-04-05 00:00:00+00:00,AMZN,0.0013508402226185545,1.3508402226185545,0.0,1.3508402226185545
2024-03-28 00:00:00+00:00,2024-04-05 00:00:00+00:00,NVDA,-0.009943491780622593,-9.943491780622594,0.0,-9.943491780622594
2024-04-01 00:00:00+00:00,2024-04-08 00:00:00+00:00,GOOGL,0.01130338972065581,11.30338972065581,0.0,11.30338972065581
2024-04-01 00:00:00+00:00,2024-04-08 00:00:00+00:00,AMZN,0.0018886250809411198,1.8886250809411198,0.0,1.8886250809411198
2024-04-02 00:00:00+00:00,2024-04-09 00:00:00+00:00,NVDA,0.019742470158366388,19.742470158366388,0.0,19.742470158366388
2024-04-02 00:00:00+00:00,2024-04-09 00:00:00+00:00,AMZN,0.0015080519200731946,1.5080519200731946,0.0,1.5080519200731946
2024-04-03 00:00:00+00:00,2024-04-10 00:00:00+00:00,AAPL,0.04327179309064566,43.27179309064566,0.0,43.27179309064566
2024-04-03 00:00:00+00:00,2024-04-10 00:00:00+00:00,MSFT,0.01103122861704553,11.03122861704553,0.0,11.03122861704553
2024-04-04 00:00:00+00:00,2024-04-11 00:00:00+00:00,NVDA,-0.026816167851064,-26.816167851063998,0.0,-26.816167851063998
2024-04-04 00:00:00+00:00,2024-04-11 00:00:00+00:00,GOOGL,-0.010539305186546999,-10.539305186546999,0.0,-10.539305186546999
2024-04-05 00:00:00+00:00,2024-04-12 00:00:00+00:00,NVDA,-0.024778484027711656,-24.778484027711656,0.0,-24.778484027711656
2024-04-05 00:00:00+00:00,2024-04-12 00:00:00+00:00,GOOGL,-0.01819801476202587,-18.19801476202587,0.0,-18.19801476202587
2024-04-08 00:00:00+00:00,2024-04-15 00:00:00+00:00,MSFT,0.002273119570951776,2.273119570951776,0.0,2.273119570951776
2024-04-08 00:00:00+00:00,2024-04-15 00:00:00+00:00,GOOGL,-0.002961762799740919,-2.961762799740919,0.0,-2.961762799740919
2024-04-09 00:00:00+00:00,2024-04-16 00:00:00+00:00,NVDA,-0.038666137265244926,-38.66613726524493,0.0,-38.66613726524493
2024-04-09 00:00:00+00:00,2024-04-16 00:00:00+00:00,GOOGL,0.0069226419141592554,6.9226419141592554,0.0,6.9226419141592554
2024-04-10 00:00:00+00:00,2024-04-17 00:00:00+00:00,NVDA,0.007568877499401827,7.568877499401827,0.0,7.568877499401827
2024-04-10 00:00:00+00:00,2024-04-17 00:00:00+00:00,GOOGL,0.0034730291527875767,3.4730291527875767,0.0,3.4730291527875767
2024-04-11 00:00:00+00:00,2024-04-18 00:00:00+00:00,AAPL,-0.012625184204986262,-12.625184204986262,0.0,-12.625184204986262
2024-04-11 00:00:00+00:00,2024-04-18 00:00:00+00:00,AMZN,-0.025666778261354772,-25.66677826135477,0.0,-25.66677826135477
2024-04-12 00:00:00+00:00,2024-04-19 00:00:00+00:00,GOOGL,0.014086341523773527,14.086341523773527,0.0,14.086341523773527
2024-04-12 00:00:00+00:00,2024-04-19 00:00:00+00:00,MSFT,0.004610849353725355,4.610849353725355,0.0,4.610849353725355
2024-04-15 00:00:00+00:00,2024-04-22 00:00:00+00:00,AMZN,0.013033910737459742,13.033910737459742,0.0,13.033910737459742
2024-04-15 00:00:00+00:00,2024-04-22 00:00:00+00:00,GOOGL,0.01267050271006176,12.67050271006176,0.0,12.67050271006176
2024-04-16 00:00:00+00:00,2024-04-23 00:00:00+00:00,NVDA,-0.03331533247980978,-33.315332479809776,0.0,-33.315332479809776
2024-04-16 00:00:00+00:00,2024-04-23 00:00:00+00:00,AAPL,0.012708063690816562,12.708063690816562,0.0,12.708063690816562
2024-04-17 00:00:00+00:00,2024-04-24 00:00:00+00:00,AMZN,-0.01653547766011676,-16.53547766011676,0.0,-16.53547766011676
2024-04-17 00:00:00+00:00,2024-04-24 00:00:00+00:00,AAPL,0.0051478368385387,5.1478368385387,0.0,5.1478368385387
2024-04-18 00:00:00+00:00,2024-04-25 00:00:00+00:00,NVDA,0.061757072788104495,61.757072788104495,0.0,61.757072788104495
2024-04-18 00:00:00+00:00,2024-04-25 00:00:00+00:00,AAPL,-0.0034714829796798075,-3.4714829796798075,0.0,-3.4714829796798075
2024-04-19 00:00:00+00:00,2024-04-26 00:00:00+00:00,NVDA,0.0002508142913983935,0.2508142913983935,0.0,0.2508142913983935
2024-04-19 00:00:00+00:00,2024-04-26 00:00:00+00:00,AMZN,0.007460193742345078,7.460193742345078,0.0,7.460193742345078
2024-04-22 00:00:00+00:00,2024-04-29 00:00:00+00:00,NVDA,-0.015441727084456458,-15.441727084456458,0.0,-15.441727084456458
2024-04-22 00:00:00+00:00,2024-04-29 00:00:00+00:00,GOOGL,-0.02028390214436726,-20.28390214436726,0.0,-20.28390214436726
2024-04-23 00:00:00+00:00,2024-04-30 00:00:00+00:00,MSFT,0.01441024912502753,14.41024912502753,0.0,14.41024912502753
2024-04-23 00:00:00+00:00,2024-04-30 00:00:00+00:00,AAPL,-0.0060402644975195985,-6.0402644975195985,0.0,-6.0402644975195985
2024-04-24 00:00:00+00:00,2024-05-01 00:00:00+00:00,NVDA,0.033429934932439176,33.429934932439174,0.0,33.429934932439174
2024-04-24 00:00:00+00:00,2024-05-01 00:00:00+00:00,MSFT,0.007343392728920817,7.343392728920817,0.0,7.343392728920817
2024-04-25 00:00:00+00:00,2024-05-02 00:00:00+00:00,NVDA,0.0346306622158401,34.630662215840104,0.0,34.630662215840104
2024-04-25 00:00:00+00:00,2024-05-02 00:00:00+00:00,GOOGL,0.0037224879229962315,3.7224879229962315,0.0,3.7224879229962315
2024-04-26 00:00:00+00:00,2024-05-03 00:00:00+00:00,AAPL,-0.009105951193854933,-9.105951193854933,0.0,-9.105951193854933
2024-04-26 00:00:00+00:00,2024-05-03 00:00:00+00:00,MSFT,0.016914406672782878,16.914406672782878,0.0,16.914406672782878
2024-04-29 00:00:00+00:00,2024-05-06 00:00:00+00:00,AMZN,0.00031796502384739966,0.31796502384739966,0.0,0.31796502384739966
2024-04-29 00:00:00+00:00,2024-05-06 00:00:00+00:00,NVDA,-0.01721158251029653,-17.21158251029653,0.0,-17.21158251029653
2024-04-30 00:00:00+00:00,2024-05-07 00:00:00+00:00,NVDA,-0.0015684940358567934,-1.5684940358567934,0.0,-1.5684940358567934
2024-04-30 00:00:00+00:00,2024-05-07 00:00:00+00:00,AMZN,-0.004026276753549385,-4.026276753549385,0.0,-4.026276753549385
2024-05-01 00:00:00+00:00,2024-05-08 00:00:00+00:00,NVDA,-0.018416717649050174,-18.416717649050174,0.0,-18.416717649050174
2024-05-01 00:00:00+00:00,2024-05-08 00:00:00+00:00,AMZN,0.007978723404255428,7.978723404255428,0.0,7.978723404255428
2024-05-02 00:00:00+00:00,2024-05-09 00:00:00+00:00,NVDA,0.012743727881342704,12.743727881342704,0.0,12.743727881342704
2024-05-02 00:00:00+00:00,2024-05-09 00:00:00+00:00,AAPL,-0.006897002226419757,-6.897002226419757,0.0,-6.897002226419757
2024-05-03 00:00:00+00:00,2024-05-10 00:00:00+00:00,NVDA,0.005798120785651006,5.798120785651006,0.0,5.798120785651006
2024-05-03 00:00:00+00:00,2024-05-10 00:00:00+00:00,GOOGL,0.0029040531774984224,2.9040531774984224,0.0,2.9040531774984224
2024-05-06 00:00:00+00:00,2024-05-13 00:00:00+00:00,GOOGL,0.007096701457909305,7.096701457909305,0.0,7.096701457909305
2024-05-06 00:00:00+00:00,2024-05-13 00:00:00+00:00,AAPL,0.00616728698621638,6.16728698621638,0.0,6.16728698621638
2024-05-07 00:00:00+00:00,2024-05-14 00:00:00+00:00,AAPL,0.012221496557852873,12.221496557852873,0.0,12.221496557852873
2024-05-07 00:00:00+00:00,2024-05-14 00:00:00+00:00,NVDA,0.03583753766379383,35.837537663793825,0.0,35.837537663793825
2024-05-08 00:00:00+00:00,2024-05-15 00:00:00+00:00,AAPL,0.0006346352169659397,0.6346352169659397,0.0,0.6346352169659397
2024-05-08 00:00:00+00:00,2024-05-15 00:00:00+00:00,GOOGL,0.009674960875458938,9.674960875458938,0.0,9.674960875458938
2024-05-09 00:00:00+00:00,2024-05-16 00:00:00+00:00,NVDA,-0.019924377257207415,-19.924377257207414,0.0,-19.924377257207414
2024-05-09 00:00:00+00:00,2024-05-16 00:00:00+00:00,AAPL,0.0001532729050499615,0.1532729050499615,0.0,0.1532729050499615
2024-05-10 00:00:00+00:00,2024-05-17 00:00:00+00:00,NVDA,0.024881810050282782,24.88181005028278,0.0,24.88181005028278
2024-05-10 00:00:00+00:00,2024-05-17 00:00:00+00:00,GOOGL,0.004885306457497185,4.885306457497185,0.0,4.885306457497185
2024-05-13 00:00:00+00:00,2024-05-20 00:00:00+00:00,NVDA,0.006393154744316121,6.393154744316121,0.0,6.393154744316121
2024-05-13 00:00:00+00:00,2024-05-20 00:00:00+00:00,GOOGL,0.005258649542491778,5.258649542491778,0.0,5.258649542491778
2024-05-14 00:00:00+00:00,2024-05-21 00:00:00+00:00,NVDA,-0.004569887399148986,-4.569887399148986,0.0,-4.569887399148986
2024-05-14 00:00:00+00:00,2024-05-21 00:00:00+00:00,MSFT,0.0034510027795195963,3.4510027795195963,0.0,3.4510027795195963
2024-05-15 00:00:00+00:00,2024-05-22 00:00:00+00:00,NVDA,0.0931910213678635,93.1910213678635,0.0,93.1910213678635
2024-05-15 00:00:00+00:00,2024-05-22 00:00:00+00:00,GOOGL,-0.016051757101238184,-16.051757101238184,0.0,-16.051757101238184
2024-05-16 00:00:00+00:00,2024-05-23 00:00:00+00:00,NVDA,0.025728987993139052,25.72898799313905,0.0,25.72898799313905
2024-05-16 00:00:00+00:00,2024-05-23 00:00:00+00:00,GOOGL,0.008292708315261743,8.292708315261743,0.0,8.292708315261743
2024-05-17 00:00:00+00:00,2024-05-24 00:00:00+00:00,NVDA,0.0698019615948291,69.8019615948291,0.0,69.8019615948291
2024-05-17 00:00:00+00:00,2024-05-24 00:00:00+00:00,MSFT,0.0003733711682782914,0.3733711682782914,0.0,0.3733711682782914
2024-05-20 00:00:00+00:00,2024-05-28 00:00:00+00:00,NVDA,0.008114231519047443,8.114231519047443,0.0,8.114231519047443
2024-05-20 00:00:00+00:00,2024-05-28 00:00:00+00:00,AAPL,0.0015790613298969358,1.5790613298969358,0.0,1.5790613298969358
2024-05-21 00:00:00+00:00,2024-05-29 00:00:00+00:00,NVDA,-0.03766616143138379,-37.66616143138379,0.0,-37.66616143138379
2024-05-21 00:00:00+00:00,2024-05-29 00:00:00+00:00,AMZN,-0.01483353477639826,-14.83353477639826,0.0,-14.83353477639826
2024-05-22 00:00:00+00:00,2024-05-30 00:00:00+00:00,NVDA,-0.007848000434491409,-7.848000434491409,0.0,-7.848000434491409
2024-05-22 00:00:00+00:00,2024-05-30 00:00:00+00:00,MSFT,0.0011086984412862488,1.1086984412862488,0.0,1.1086984412862488
2024-05-23 00:00:00+00:00,2024-05-31 00:00:00+00:00,NVDA,0.04895672721632738,48.95672721632738,0.0,48.95672721632738
2024-05-23 00:00:00+00:00,2024-05-31 00:00:00+00:00,GOOGL,0.003880682115698919,3.880682115698919,0.0,3.880682115698919
2024-05-24 00:00:00+00:00,2024-06-03 00:00:00+00:00,GOOGL,0.00358749072700304,3.58749072700304,0.0,3.58749072700304
2024-05-24 00:00:00+00:00,2024-06-03 00:00:00+00:00,NVDA,0.01248988893044456,12.48988893044456,0.0,12.48988893044456
2024-05-28 00:00:00+00:00,2024-06-04 00:00:00+00:00,AAPL,0.007821413636621699,7.821413636621699,0.0,7.821413636621699
2024-05-28 00:00:00+00:00,2024-06-04 00:00:00+00:00,MSFT,0.019086059769693353,19.086059769693353,0.0,19.086059769693353
2024-05-29 00:00:00+00:00,2024-06-05 00:00:00+00:00,AMZN,0.020520741394527864,20.520741394527864,0.0,20.520741394527864
2024-05-29 00:00:00+00:00,2024-06-05 00:00:00+00:00,AAPL,-0.007094778038460259,-7.094778038460259,0.0,-7.094778038460259
2024-05-30 00:00:00+00:00,2024-06-06 00:00:00+00:00,GOOGL,-0.01283995207023636,-12.839952070236361,0.0,-12.839952070236361
2024-05-30 00:00:00+00:00,2024-06-06 00:00:00+00:00,AMZN,-0.003783783783783745,-3.783783783783745,0.0,-3.783783783783745
2024-05-31 00:00:00+00:00,2024-06-07 00:00:00+00:00,NVDA,0.007463180539467151,7.463180539467151,0.0,7.463180539467151
2024-05-31 00:00:00+00:00,2024-06-07 00:00:00+00:00,GOOGL,0.004303054708623355,4.303054708623355,0.0,4.303054708623355
2024-06-03 00:00:00+00:00,2024-06-10 00:00:00+00:00,NVDA,-0.007145086315927807,-7.145086315927807,0.0,-7.145086315927807
2024-06-03 00:00:00+00:00,2024-06-10 00:00:00+00:00,MSFT,0.011242307863750245,11.242307863750245,0.0,11.242307863750245
2024-06-04 00:00:00+00:00,2024-06-11 00:00:00+00:00,NVDA,0.035469675412765245,35.46967541276524,0.0,35.46967541276524
2024-06-04 00:00:00+00:00,2024-06-11 00:00:00+00:00,MSFT,0.01936715703219427,19.36715703219427,0.0,19.36715703219427
2024-06-05 00:00:00+00:00,2024-06-12 00:00:00+00:00,AMZN,-0.016373267697575966,-16.373267697575965,0.0,-16.373267697575965
2024-06-05 00:00:00+00:00,2024-06-12 00:00:00+00:00,GOOGL,-0.014789879955568241,-14.789879955568242,0.0,-14.789879955568242
2024-06-06 00:00:00+00:00,2024-06-13 00:00:00+00:00,NVDA,0.01751678370244636,17.51678370244636,0.0,17.51678370244636
2024-06-06 00:00:00+00:00,2024-06-13 00:00:00+00:00,AMZN,-0.0009247674481859258,-0.9247674481859258,0.0,-0.9247674481859258
2024-06-07 00:00:00+00:00,2024-06-14 00:00:00+00:00,NVDA,-0.006825420900955614,-6.825420900955614,0.0,-6.825420900955614
2024-06-07 00:00:00+00:00,2024-06-14 00:00:00+00:00,GOOGL,0.002540344987921994,2.540344987921994,0.0,2.540344987921994
2024-06-10 00:00:00+00:00,2024-06-17 00:00:00+00:00,AAPL,-0.010988909212994002,-10.988909212994002,0.0,-10.988909212994002
2024-06-10 00:00:00+00:00,2024-06-17 00:00:00+00:00,NVDA,0.035117593158216165,35.11759315821617,0.0,35.11759315821617
2024-06-11 00:00:00+00:00,2024-06-18 00:00:00+00:00,NVDA,-0.03540155946857093,-35.40155946857093,0.0,-35.40155946857093
2024-06-11 00:00:00+00:00,2024-06-18 00:00:00+00:00,AAPL,-0.021510310340306704,-21.510310340306702,0.0,-21.510310340306702
2024-06-12 00:00:00+00:00,2024-06-20 00:00:00+00:00,NVDA,-0.03219639033343524,-32.19639033343525,0.0,-32.19639033343525
2024-06-12 00:00:00+00:00,2024-06-20 00:00:00+00:00,AAPL,-0.010446075663467114,-10.446075663467113,0.0,-10.446075663467113
2024-06-13 00:00:00+00:00,2024-06-21 00:00:00+00:00,NVDA,-0.06683524298696164,-66.83524298696165,0.0,-66.83524298696165
2024-06-13 00:00:00+00:00,2024-06-21 00:00:00+00:00,AMZN,-0.018563570975248633,-18.563570975248634,0.0,-18.563570975248634
2024-06-14 00:00:00+00:00,2024-06-24 00:00:00+00:00,AAPL,0.004463876823995072,4.463876823995072,0.0,4.463876823995072
2024-06-14 00:00:00+00:00,2024-06-24 00:00:00+00:00,AMZN,0.004149377593360981,4.149377593360981,0.0,4.149377593360981
2024-06-17 00:00:00+00:00,2024-06-25 00:00:00+00:00,NVDA,0.0024589513762196535,2.4589513762196535,0.0,2.4589513762196535
2024-06-17 00:00:00+00:00,2024-06-25 00:00:00+00:00,AMZN,0.03901470430396059,39.01470430396059,0.0,39.01470430396059
2024-06-18 00:00:00+00:00,2024-06-26 00:00:00+00:00,GOOGL,0.008319431269285804,8.319431269285804,0.0,8.319431269285804
2024-06-18 00:00:00+00:00,2024-06-26 00:00:00+00:00,AMZN,0.0218996952636743,21.899695263674303,0.0,21.899695263674303
2024-06-20 00:00:00+00:00,2024-06-27 00:00:00+00:00,AMZN,-0.02324993682082388,-23.24993682082388,0.0,-23.24993682082388
2024-06-20 00:00:00+00:00,2024-06-27 00:00:00+00:00,MSFT,-0.013027229281008634,-13.027229281008633,0.0,-13.027229281008633
2024-06-21 00:00:00+00:00,2024-06-28 00:00:00+00:00,NVDA,0.006152849740932664,6.152849740932664,0.0,6.152849740932664
2024-06-21 00:00:00+00:00,2024-06-28 00:00:00+00:00,MSFT,0.021879597084816682,21.87959708481668,0.0,21.87959708481668
2024-06-24 00:00:00+00:00,2024-07-01 00:00:00+00:00,NVDA,-0.013099452848406856,-13.099452848406855,0.0,-13.099452848406855
2024-06-24 00:00:00+00:00,2024-07-01 00:00:00+00:00,AMZN,0.014198782961460488,14.198782961460488,0.0,14.198782961460488
2024-06-25 00:00:00+00:00,2024-07-02 00:00:00+00:00,AMZN,-0.012050000000000005,-12.050000000000004,0.0,-12.050000000000004
2024-06-25 00:00:00+00:00,2024-07-02 00:00:00+00:00,GOOGL,0.0031334051292597476,3.1334051292597476,0.0,3.1334051292597476
2024-06-26 00:00:00+00:00,2024-07-03 00:00:00+00:00,AAPL,0.02162059345675882,21.62059345675882,0.0,21.62059345675882
2024-06-26 00:00:00+00:00,2024-07-03 00:00:00+00:00,GOOGL,0.025717245174307513,25.717245174307514,0.0,25.717245174307514
2024-06-27 00:00:00+00:00,2024-07-05 00:00:00+00:00,MSFT,-0.0028253257390179476,-2.8253257390179476,0.0,-2.8253257390179476
2024-06-27 00:00:00+00:00,2024-07-05 00:00:00+00:00,AAPL,0.006538642267556849,6.538642267556849,0.0,6.538642267556849
2024-06-28 00:00:00+00:00,2024-07-08 00:00:00+00:00,AMZN,0.0002508906618496898,0.2508906618496898,0.0,0.2508906618496898
2024-06-28 00:00:00+00:00,2024-07-08 00:00:00+00:00,AAPL,0.003774382644005758,3.774382644005758,0.0,3.774382644005758
2024-07-01 00:00:00+00:00,2024-07-09 00:00:00+00:00,AAPL,0.0188053388558842,18.8053388558842,0.0,18.8053388558842
2024-07-01 00:00:00+00:00,2024-07-09 00:00:00+00:00,GOOGL,0.011638392904505634,11.638392904505634,0.0,11.638392904505634
2024-07-02 00:00:00+00:00,2024-07-10 00:00:00+00:00,NVDA,-0.05566799368369557,-55.66799368369557,0.0,-55.66799368369557
2024-07-02 00:00:00+00:00,2024-07-10 00:00:00+00:00,GOOGL,-0.029343289217022894,-29.343289217022893,0.0,-29.343289217022893
2024-07-03 00:00:00+00:00,2024-07-11 00:00:00+00:00,AAPL,0.013046277027265463,13.046277027265463,0.0,13.046277027265463
2024-07-03 00:00:00+00:00,2024-07-11 00:00:00+00:00,GOOGL,-0.0026956653269372133,-2.6956653269372133,0.0,-2.6956653269372133
2024-07-05 00:00:00+00:00,2024-07-12 00:00:00+00:00,NVDA,-0.006190992106485105,-6.190992106485105,0.0,-6.190992106485105
2024-07-05 00:00:00+00:00,2024-07-12 00:00:00+00:00,AMZN,-0.009100724973006402,-9.100724973006402,0.0,-9.100724973006402
2024-07-08 00:00:00+00:00,2024-07-15 00:00:00+00:00,NVDA,-0.016196854072574207,-16.196854072574208,0.0,-16.196854072574208
2024-07-08 00:00:00+00:00,2024-07-15 00:00:00+00:00,AAPL,0.0017935492155896071,1.7935492155896071,0.0,1.7935492155896071
2024-07-09 00:00:00+00:00,2024-07-16 00:00:00+00:00,NVDA,-0.06623397182206747,-66.23397182206747,0.0,-66.23397182206747
2024-07-09 00:00:00+00:00,2024-07-16 00:00:00+00:00,AAPL,-0.025299742772417644,-25.299742772417645,0.0,-25.299742772417645
2024-07-10 00:00:00+00:00,2024-07-17 00:00:00+00:00,MSFT,-0.0071021505619707215,-7.1021505619707215,0.0,-7.1021505619707215
2024-07-10 00:00:00+00:00,2024-07-17 00:00:00+00:00,AMZN,-0.022242324269674874,-22.242324269674874,0.0,-22.242324269674874
2024-07-11 00:00:00+00:00,2024-07-18 00:00:00+00:00,GOOGL,-0.00016925055852690107,-0.16925055852690107,0.0,-0.16925055852690107
2024-07-11 00:00:00+00:00,2024-07-18 00:00:00+00:00,NVDA,-0.026100171798599137,-26.100171798599135,0.0,-26.100171798599135
2024-07-12 00:00:00+00:00,2024-07-19 00:00:00+00:00,MSFT,0.013337865023010487,13.337865023010487,0.0,13.337865023010487
2024-07-12 00:00:00+00:00,2024-07-19 00:00:00+00:00,AAPL,-0.0015611091479206252,-1.5611091479206252,0.0,-1.5611091479206252
2024-07-15 00:00:00+00:00,2024-07-22 00:00:00+00:00,MSFT,0.004312650138240448,4.312650138240448,0.0,4.312650138240448
2024-07-15 00:00:00+00:00,2024-07-22 00:00:00+00:00,GOOGL,0.0006621749135033994,0.6621749135033994,0.0,0.6621749135033994
2024-07-16 00:00:00+00:00,2024-07-23 00:00:00+00:00,MSFT,-0.035855881470249096,-35.855881470249095,0.0,-35.855881470249095
2024-07-16 00:00:00+00:00,2024-07-23 00:00:00+00:00,GOOGL,-0.05038573736772156,-50.38573736772156,0.0,-50.38573736772156
2024-07-17 00:00:00+00:00,2024-07-24 00:00:00+00:00,NVDA,-0.017245605434554223,-17.24560543455422,0.0,-17.24560543455422
2024-07-17 00:00:00+00:00,2024-07-24 00:00:00+00:00,MSFT,-0.024480835437764692,-24.480835437764693,0.0,-24.480835437764693
2024-07-18 00:00:00+00:00,2024-07-25 00:00:00+00:00,MSFT,0.016419833354525792,16.419833354525792,0.0,16.419833354525792
2024-07-18 00:00:00+00:00,2024-07-25 00:00:00+00:00,AMZN,0.014734500973033082,14.734500973033082,0.0,14.734500973033082
2024-07-19 00:00:00+00:00,2024-07-26 00:00:00+00:00,NVDA,-0.01300401620636582,-13.00401620636582,0.0,-13.00401620636582
2024-07-19 00:00:00+00:00,2024-07-26 00:00:00+00:00,AMZN,0.003835616438356171,3.835616438356171,0.0,3.835616438356171
2024-07-22 00:00:00+00:00,2024-07-29 00:00:00+00:00,GOOGL,0.004482263128950947,4.482263128950947,0.0,4.482263128950947
2024-07-22 00:00:00+00:00,2024-07-29 00:00:00+00:00,MSFT,-0.008927080221400985,-8.927080221400985,0.0,-8.927080221400985
2024-07-23 00:00:00+00:00,2024-07-30 00:00:00+00:00,MSFT,-0.010806615462028546,-10.806615462028546,0.0,-10.806615462028546
2024-07-23 00:00:00+00:00,2024-07-30 00:00:00+00:00,GOOGL,0.007346837857407751,7.346837857407751,0.0,7.346837857407751
2024-07-24 00:00:00+00:00,2024-07-31 00:00:00+00:00,AMZN,-0.015563161835490447,-15.563161835490448,0.0,-15.563161835490448
2024-07-24 00:00:00+00:00,2024-07-31 00:00:00+00:00,AAPL,-0.01674829218925078,-16.74829218925078,0.0,-16.74829218925078
2024-07-25 00:00:00+00:00,2024-08-01 00:00:00+00:00,NVDA,-0.017757548560805136,-17.757548560805137,0.0,-17.757548560805137
2024-07-25 00:00:00+00:00,2024-08-01 00:00:00+00:00,MSFT,-0.020667680637646568,-20.66768063764657,0.0,-20.66768063764657
2024-07-26 00:00:00+00:00,2024-08-02 00:00:00+00:00,AAPL,-0.048169073218816805,-48.169073218816806,0.0,-48.169073218816806
2024-07-26 00:00:00+00:00,2024-08-02 00:00:00+00:00,AMZN,-0.04097677188802851,-40.97677188802851,0.0,-40.97677188802851
2024-07-29 00:00:00+00:00,2024-08-05 00:00:00+00:00,GOOGL,-0.006030580962752663,-6.030580962752663,0.0,-6.030580962752663
2024-07-29 00:00:00+00:00,2024-08-05 00:00:00+00:00,AAPL,-0.00974737377079038,-9.747373770790379,0.0,-9.747373770790379
2024-07-30 00:00:00+00:00,2024-08-06 00:00:00+00:00,NVDA,-0.05122416869735402,-51.224168697354024,0.0,-51.224168697354024
2024-07-30 00:00:00+00:00,2024-08-06 00:00:00+00:00,AMZN,0.005187426665843375,5.187426665843375,0.0,5.187426665843375
2024-07-31 00:00:00+00:00,2024-08-07 00:00:00+00:00,GOOGL,0.019445337975489974,19.445337975489974,0.0,19.445337975489974
2024-07-31 00:00:00+00:00,2024-08-07 00:00:00+00:00,MSFT,0.010689838480899105,10.689838480899105,0.0,10.689838480899105
2024-08-01 00:00:00+00:00,2024-08-08 00:00:00+00:00,GOOGL,0.010121883313741309,10.121883313741309,0.0,10.121883313741309
2024-08-01 00:00:00+00:00,2024-08-08 00:00:00+00:00,AAPL,0.013739739880994417,13.739739880994417,0.0,13.739739880994417
2024-08-02 00:00:00+00:00,2024-08-09 00:00:00+00:00,GOOGL,-0.008434089155121005,-8.434089155121004,0.0,-8.434089155121004
2024-08-02 00:00:00+00:00,2024-08-09 00:00:00+00:00,MSFT,0.0019457080696201334,1.9457080696201334,0.0,1.9457080696201334
2024-08-05 00:00:00+00:00,2024-08-12 00:00:00+00:00,MSFT,0.017696975080625954,17.696975080625954,0.0,17.696975080625954
2024-08-05 00:00:00+00:00,2024-08-12 00:00:00+00:00,NVDA,0.06531012907901612,65.31012907901612,0.0,65.31012907901612
2024-08-06 00:00:00+00:00,2024-08-13 00:00:00+00:00,AMZN,-0.0007636726781412584,-0.7636726781412584,0.0,-0.7636726781412584
2024-08-06 00:00:00+00:00,2024-08-13 00:00:00+00:00,GOOGL,-0.023083405596199147,-23.083405596199146,0.0,-23.083405596199146
2024-08-07 00:00:00+00:00,2024-08-14 00:00:00+00:00,NVDA,0.04047873151395032,40.478731513950315,0.0,40.478731513950315
2024-08-07 00:00:00+00:00,2024-08-14 00:00:00+00:00,AMZN,0.04403292181069962,44.03292181069962,0.0,44.03292181069962
2024-08-08 00:00:00+00:00,2024-08-15 00:00:00+00:00,AAPL,0.00592259595229816,5.92259595229816,0.0,5.92259595229816
2024-08-08 00:00:00+00:00,2024-08-15 00:00:00+00:00,GOOGL,0.010291978968564708,10.291978968564708,0.0,10.291978968564708
2024-08-09 00:00:00+00:00,2024-08-16 00:00:00+00:00,NVDA,0.04351316634553615,43.51316634553615,0.0,43.51316634553615
2024-08-09 00:00:00+00:00,2024-08-16 00:00:00+00:00,AMZN,0.006551451485372173,6.551451485372173,0.0,6.551451485372173
2024-08-12 00:00:00+00:00,2024-08-19 00:00:00+00:00,NVDA,-0.021157101092475705,-21.157101092475706,0.0,-21.157101092475706
2024-08-12 00:00:00+00:00,2024-08-19 00:00:00+00:00,AMZN,0.0037032880709235716,3.7032880709235716,0.0,3.7032880709235716
2024-08-13 00:00:00+00:00,2024-08-20 00:00:00+00:00,NVDA,0.009824726872592837,9.824726872592837,0.0,9.824726872592837
2024-08-13 00:00:00+00:00,2024-08-20 00:00:00+00:00,AMZN,0.006876118067978609,6.876118067978609,0.0,6.876118067978609
2024-08-14 00:00:00+00:00,2024-08-21 00:00:00+00:00,NVDA,-0.037048567870485605,-37.048567870485606,0.0,-37.048567870485606
2024-08-14 00:00:00+00:00,2024-08-21 00:00:00+00:00,AMZN,-0.022097607017933618,-22.09760701793362,0.0,-22.09760701793362
2024-08-15 00:00:00+00:00,2024-08-22 00:00:00+00:00,NVDA,0.04550598124797922,45.50598124797922,0.0,45.50598124797922
2024-08-15 00:00:00+00:00,2024-08-22 00:00:00+00:00,GOOGL,0.011114103160420052,11.114103160420052,0.0,11.114103160420052
2024-08-16 00:00:00+00:00,2024-08-23 00:00:00+00:00,NVDA,-0.02249710088906065,-22.49710088906065,0.0,-22.49710088906065
2024-08-16 00:00:00+00:00,2024-08-23 00:00:00+00:00,GOOGL,0.003256422051667096,3.256422051667096,0.0,3.256422051667096
2024-08-19 00:00:00+00:00,2024-08-26 00:00:00+00:00,AAPL,0.003740939911152541,3.740939911152541,0.0,3.740939911152541
2024-08-19 00:00:00+00:00,2024-08-26 00:00:00+00:00,NVDA,0.014552356849098391,14.552356849098391,0.0,14.552356849098391
2024-08-20 00:00:00+00:00,2024-08-27 00:00:00+00:00,NVDA,-0.020969753663860335,-20.969753663860335,0.0,-20.969753663860335
2024-08-20 00:00:00+00:00,2024-08-27 00:00:00+00:00,GOOGL,-0.01111557519753581,-11.11557519753581,0.0,-11.11557519753581
2024-08-21 00:00:00+00:00,2024-08-28 00:00:00+00:00,NVDA,-0.06384266263237515,-63.842662632375145,0.0,-63.842662632375145
2024-08-21 00:00:00+00:00,2024-08-28 00:00:00+00:00,AAPL,0.01456682286619504,14.56682286619504,0.0,14.56682286619504
2024-08-22 00:00:00+00:00,2024-08-29 00:00:00+00:00,NVDA,0.015139659102507474,15.139659102507474,0.0,15.139659102507474
2024-08-22 00:00:00+00:00,2024-08-29 00:00:00+00:00,GOOGL,0.009883443528048597,9.883443528048597,0.0,9.883443528048597
2024-08-23 00:00:00+00:00,2024-08-30 00:00:00+00:00,GOOGL,-0.036845915963086506,-36.845915963086505,0.0,-36.845915963086505
2024-08-23 00:00:00+00:00,2024-08-30 00:00:00+00:00,MSFT,-0.01845993461556017,-18.45993461556017,0.0,-18.45993461556017
2024-08-26 00:00:00+00:00,2024-09-03 00:00:00+00:00,GOOGL,-0.005778137362952407,-5.778137362952407,0.0,-5.778137362952407
2024-08-26 00:00:00+00:00,2024-09-03 00:00:00+00:00,AAPL,-0.008619720084037774,-8.619720084037773,0.0,-8.619720084037773
2024-08-27 00:00:00+00:00,2024-09-04 00:00:00+00:00,AMZN,0.026308198234581193,26.30819823458119,0.0,26.30819823458119
2024-08-27 00:00:00+00:00,2024-09-04 00:00:00+00:00,AAPL,0.006929412565516158,6.929412565516158,0.0,6.929412565516158
2024-08-28 00:00:00+00:00,2024-09-05 00:00:00+00:00,AMZN,-0.03653943448198327,-36.53943448198327,0.0,-36.53943448198327
2024-08-28 00:00:00+00:00,2024-09-05 00:00:00+00:00,AAPL,-0.007016927153750463,-7.016927153750463,0.0,-7.016927153750463
2024-08-29 00:00:00+00:00,2024-09-06 00:00:00+00:00,AMZN,0.023396930976136376,23.396930976136375,0.0,23.396930976136375
2024-08-29 00:00:00+00:00,2024-09-06 00:00:00+00:00,MSFT,0.010007533088217002,10.007533088217002,0.0,10.007533088217002
2024-08-30 00:00:00+00:00,2024-09-09 00:00:00+00:00,AMZN,0.023660205245153998,23.660205245153996,0.0,23.660205245153996
2024-08-30 00:00:00+00:00,2024-09-09 00:00:00+00:00,MSFT,0.02090094094984063,20.90094094984063,0.0,20.90094094984063
2024-09-03 00:00:00+00:00,2024-09-10 00:00:00+00:00,AAPL,0.011583275280361516,11.583275280361516,0.0,11.583275280361516
2024-09-03 00:00:00+00:00,2024-09-10 00:00:00+00:00,MSFT,0.02134150029150428,21.34150029150428,0.0,21.34150029150428
2024-09-04 00:00:00+00:00,2024-09-11 00:00:00+00:00,AMZN,0.013440277476696183,13.440277476696183,0.0,13.440277476696183
2024-09-04 00:00:00+00:00,2024-09-11 00:00:00+00:00,AAPL,0.0004951141238056511,0.4951141238056511,0.0,0.4951141238056511
2024-09-05 00:00:00+00:00,2024-09-12 00:00:00+00:00,AAPL,-0.0012146787174792673,-1.2146787174792673,0.0,-1.2146787174792673
2024-09-05 00:00:00+00:00,2024-09-12 00:00:00+00:00,MSFT,0.008407896805562531,8.407896805562531,0.0,8.407896805562531
2024-09-06 00:00:00+00:00,2024-09-13 00:00:00+00:00,NVDA,-0.01948073758102975,-19.48073758102975,0.0,-19.48073758102975
2024-09-06 00:00:00+00:00,2024-09-13 00:00:00+00:00,AMZN,-0.008579548501260192,-8.579548501260192,0.0,-8.579548501260192
2024-09-09 00:00:00+00:00,2024-09-16 00:00:00+00:00,AMZN,0.010763156471415458,10.763156471415458,0.0,10.763156471415458
2024-09-09 00:00:00+00:00,2024-09-16 00:00:00+00:00,NVDA,-0.010190799164183306,-10.190799164183307,0.0,-10.190799164183307
2024-09-10 00:00:00+00:00,2024-09-17 00:00:00+00:00,NVDA,-0.019207142980740888,-19.207142980740887,0.0,-19.207142980740887
2024-09-10 00:00:00+00:00,2024-09-17 00:00:00+00:00,GOOGL,0.0030728047355126353,3.0728047355126353,0.0,3.0728047355126353
2024-09-11 00:00:00+00:00,2024-09-18 00:00:00+00:00,GOOGL,0.014577734343187654,14.577734343187654,0.0,14.577734343187654
2024-09-11 00:00:00+00:00,2024-09-18 00:00:00+00:00,MSFT,0.01829286729356272,18.292867293562722,0.0,18.292867293562722
2024-09-12 00:00:00+00:00,2024-09-19 00:00:00+00:00,AMZN,0.00911149734028549,9.11149734028549,0.0,9.11149734028549
2024-09-12 00:00:00+00:00,2024-09-19 00:00:00+00:00,MSFT,-0.0077978319560362275,-7.7978319560362275,0.0,-7.7978319560362275
2024-09-13 00:00:00+00:00,2024-09-20 00:00:00+00:00,AAPL,-0.007580182609497665,-7.580182609497665,0.0,-7.580182609497665
2024-09-13 00:00:00+00:00,2024-09-20 00:00:00+00:00,GOOGL,-0.010636279627668999,-10.636279627668998,0.0,-10.636279627668998
2024-09-16 00:00:00+00:00,2024-09-23 00:00:00+00:00,AAPL,0.00397392608851499,3.9739260885149896,0.0,3.9739260885149896
2024-09-16 00:00:00+00:00,2024-09-23 00:00:00+00:00,MSFT,-0.010010539843381627,-10.010539843381627,0.0,-10.010539843381627
2024-09-17 00:00:00+00:00,2024-09-24 00:00:00+00:00,NVDA,0.02183481987721536,21.83481987721536,0.0,21.83481987721536
2024-09-17 00:00:00+00:00,2024-09-24 00:00:00+00:00,AAPL,-0.004398975629322455,-4.398975629322455,0.0,-4.398975629322455
2024-09-18 00:00:00+00:00,2024-09-25 00:00:00+00:00,NVDA,0.004291463227018344,4.291463227018344,0.0,4.291463227018344
2024-09-18 00:00:00+00:00,2024-09-25 00:00:00+00:00,AAPL,0.0050780748473699955,5.0780748473699955,0.0,5.0780748473699955
2024-09-19 00:00:00+00:00,2024-09-26 00:00:00+00:00,AMZN,-0.01668759154634858,-16.687591546348578,0.0,-16.687591546348578
2024-09-19 00:00:00+00:00,2024-09-26 00:00:00+00:00,AAPL,0.0011893225266494944,1.1893225266494944,0.0,1.1893225266494944
2024-09-20 00:00:00+00:00,2024-09-27 00:00:00+00:00,MSFT,0.005325810869336145,5.325810869336145,0.0,5.325810869336145
2024-09-20 00:00:00+00:00,2024-09-27 00:00:00+00:00,AMZN,-0.00872479651008129,-8.72479651008129,0.0,-8.72479651008129
2024-09-23 00:00:00+00:00,2024-09-30 00:00:00+00:00,NVDA,-0.03656367349627776,-36.56367349627776,0.0,-36.56367349627776
2024-09-23 00:00:00+00:00,2024-09-30 00:00:00+00:00,MSFT,-0.022331408345752535,-22.331408345752536,0.0,-22.331408345752536
2024-09-24 00:00:00+00:00,2024-10-01 00:00:00+00:00,NVDA,0.015813047045951878,15.813047045951878,0.0,15.813047045951878
2024-09-24 00:00:00+00:00,2024-10-01 00:00:00+00:00,MSFT,-0.00846254614743358,-8.462546147433581,0.0,-8.462546147433581
2024-09-25 00:00:00+00:00,2024-10-02 00:00:00+00:00,MSFT,-0.0014148552595862895,-1.4148552595862895,0.0,-1.4148552595862895
2024-09-25 00:00:00+00:00,2024-10-02 00:00:00+00:00,AMZN,-0.015154795410261879,-15.15479541026188,0.0,-15.15479541026188
2024-09-26 00:00:00+00:00,2024-10-03 00:00:00+00:00,GOOGL,0.007237278927989532,7.237278927989532,0.0,7.237278927989532
2024-09-26 00:00:00+00:00,2024-10-03 00:00:00+00:00,AAPL,0.005009459351434931,5.009459351434931,0.0,5.009459351434931
2024-09-27 00:00:00+00:00,2024-10-04 00:00:00+00:00,GOOGL,-0.024426346415451605,-24.426346415451604,0.0,-24.426346415451604
2024-09-27 00:00:00+00:00,2024-10-04 00:00:00+00:00,AAPL,-0.022531837986407455,-22.531837986407453,0.0,-22.531837986407453
2024-09-30 00:00:00+00:00,2024-10-07 00:00:00+00:00,GOOGL,0.008593735602882235,8.593735602882235,0.0,8.593735602882235
2024-09-30 00:00:00+00:00,2024-10-07 00:00:00+00:00,MSFT,0.012624718023497739,12.624718023497739,0.0,12.624718023497739
2024-10-01 00:00:00+00:00,2024-10-08 00:00:00+00:00,NVDA,-0.0018061272868206135,-1.8061272868206135,0.0,-1.8061272868206135
2024-10-01 00:00:00+00:00,2024-10-08 00:00:00+00:00,MSFT,0.006629909007881407,6.629909007881407,0.0,6.629909007881407
2024-10-02 00:00:00+00:00,2024-10-09 00:00:00+00:00,NVDA,0.01628455756515712,16.284557565157122,0.0,16.284557565157122
2024-10-02 00:00:00+00:00,2024-10-09 00:00:00+00:00,AAPL,-0.0021786967987564854,-2.1786967987564854,0.0,-2.1786967987564854
2024-10-03 00:00:00+00:00,2024-10-10 00:00:00+00:00,NVDA,-7.41834259389007e-05,-0.0741834259389007,0.0,-0.0741834259389007
2024-10-03 00:00:00+00:00,2024-10-10 00:00:00+00:00,GOOGL,0.007159005275056529,7.159005275056529,0.0,7.159005275056529
2024-10-04 00:00:00+00:00,2024-10-11 00:00:00+00:00,NVDA,0.02425236106268236,24.25236106268236,0.0,24.25236106268236
2024-10-04 00:00:00+00:00,2024-10-11 00:00:00+00:00,AAPL,0.01648095133230565,16.48095133230565,0.0,16.48095133230565
2024-10-07 00:00:00+00:00,2024-10-14 00:00:00+00:00,NVDA,-0.04685643922932059,-46.85643922932059,0.0,-46.85643922932059
2024-10-07 00:00:00+00:00,2024-10-14 00:00:00+00:00,AMZN,0.0007998293697344394,0.7998293697344394,0.0,0.7998293697344394
2024-10-08 00:00:00+00:00,2024-10-15 00:00:00+00:00,AAPL,-0.008849898858298899,-8.8498988582989,0.0,-8.8498988582989
2024-10-08 00:00:00+00:00,2024-10-15 00:00:00+00:00,AMZN,-0.004262347487879015,-4.262347487879015,0.0,-4.262347487879015
2024-10-09 00:00:00+00:00,2024-10-16 00:00:00+00:00,GOOGL,-0.013505403980093478,-13.505403980093478,0.0,-13.505403980093478
2024-10-09 00:00:00+00:00,2024-10-16 00:00:00+00:00,MSFT,0.0014423690490237284,1.4423690490237284,0.0,1.4423690490237284
2024-10-10 00:00:00+00:00,2024-10-17 00:00:00+00:00,GOOGL,0.003010882188481334,3.010882188481334,0.0,3.010882188481334
2024-10-10 00:00:00+00:00,2024-10-17 00:00:00+00:00,AAPL,0.012277672250043281,12.277672250043281,0.0,12.277672250043281
2024-10-11 00:00:00+00:00,2024-10-18 00:00:00+00:00,NVDA,0.04137981013116887,41.37981013116887,0.0,41.37981013116887
2024-10-11 00:00:00+00:00,2024-10-18 00:00:00+00:00,GOOGL,0.0039759117335342875,3.9759117335342875,0.0,3.9759117335342875
2024-10-14 00:00:00+00:00,2024-10-21 00:00:00+00:00,GOOGL,0.006522986050939039,6.522986050939039,0.0,6.522986050939039
2024-10-14 00:00:00+00:00,2024-10-21 00:00:00+00:00,AMZN,0.0033320992225100987,3.3320992225100987,0.0,3.3320992225100987
2024-10-15 00:00:00+00:00,2024-10-22 00:00:00+00:00,NVDA,-0.028067976041231346,-28.067976041231347,0.0,-28.067976041231347
2024-10-15 00:00:00+00:00,2024-10-22 00:00:00+00:00,GOOGL,-0.014289091912143559,-14.289091912143558,0.0,-14.289091912143558
2024-10-16 00:00:00+00:00,2024-10-23 00:00:00+00:00,NVDA,0.006091006807595889,6.091006807595889,0.0,6.091006807595889
2024-10-16 00:00:00+00:00,2024-10-23 00:00:00+00:00,GOOGL,-0.0003690173069117453,-0.3690173069117453,0.0,-0.3690173069117453
2024-10-17 00:00:00+00:00,2024-10-24 00:00:00+00:00,NVDA,0.008048433048432946,8.048433048432946,0.0,8.048433048432946
2024-10-17 00:00:00+00:00,2024-10-24 00:00:00+00:00,MSFT,0.008051769124426178,8.051769124426178,0.0,8.051769124426178
2024-10-18 00:00:00+00:00,2024-10-25 00:00:00+00:00,NVDA,-0.0072069525895570585,-7.2069525895570585,0.0,-7.2069525895570585
2024-10-18 00:00:00+00:00,2024-10-25 00:00:00+00:00,MSFT,-0.0036438526076832956,-3.6438526076832956,0.0,-3.6438526076832956
2024-10-21 00:00:00+00:00,2024-10-28 00:00:00+00:00,MSFT,0.012564065223212406,12.564065223212406,0.0,12.564065223212406
2024-10-21 00:00:00+00:00,2024-10-28 00:00:00+00:00,NVDA,0.005195359760871154,5.195359760871154,0.0,5.195359760871154
2024-10-22 00:00:00+00:00,2024-10-29 00:00:00+00:00,GOOGL,0.028167518261095426,28.167518261095424,0.0,28.167518261095424
2024-10-22 00:00:00+00:00,2024-10-29 00:00:00+00:00,MSFT,0.0013431163547032998,1.3431163547032998,0.0,1.3431163547032998
2024-10-23 00:00:00+00:00,2024-10-30 00:00:00+00:00,NVDA,-0.04718464022967872,-47.18464022967872,0.0,-47.18464022967872
2024-10-23 00:00:00+00:00,2024-10-30 00:00:00+00:00,GOOGL,-0.019201193618730628,-19.201193618730628,0.0,-19.201193618730628
2024-10-24 00:00:00+00:00,2024-10-31 00:00:00+00:00,NVDA,0.019660868844679102,19.6608688446791,0.0,19.6608688446791
2024-10-24 00:00:00+00:00,2024-10-31 00:00:00+00:00,MSFT,0.009893030985998807,9.893030985998807,0.0,9.893030985998807
2024-10-25 00:00:00+00:00,2024-11-01 00:00:00+00:00,NVDA,0.00502360354902831,5.02360354902831,0.0,5.02360354902831
2024-10-25 00:00:00+00:00,2024-11-01 00:00:00+00:00,GOOGL,-0.011970028171648384,-11.970028171648384,0.0,-11.970028171648384
2024-10-28 00:00:00+00:00,2024-11-04 00:00:00+00:00,MSFT,0.007344643855913491,7.344643855913491,0.0,7.344643855913491
2024-10-28 00:00:00+00:00,2024-11-04 00:00:00+00:00,GOOGL,0.0029577748068572163,2.9577748068572163,0.0,2.9577748068572163
2024-10-29 00:00:00+00:00,2024-11-05 00:00:00+00:00,GOOGL,0.0398829816097106,39.8829816097106,0.0,39.8829816097106
2024-10-29 00:00:00+00:00,2024-11-05 00:00:00+00:00,NVDA,0.04074338813438172,40.74338813438172,0.0,40.74338813438172
2024-10-30 00:00:00+00:00,2024-11-06 00:00:00+00:00,AAPL,0.021369655898592077,21.36965589859208,0.0,21.36965589859208
2024-10-30 00:00:00+00:00,2024-11-06 00:00:00+00:00,GOOGL,0.024020464187671564,24.020464187671564,0.0,24.020464187671564
2024-10-31 00:00:00+00:00,2024-11-07 00:00:00+00:00,AMZN,-0.008902642228040936,-8.902642228040936,0.0,-8.902642228040936
2024-10-31 00:00:00+00:00,2024-11-07 00:00:00+00:00,NVDA,-0.008396587626788521,-8.39658762678852,0.0,-8.39658762678852
2024-11-01 00:00:00+00:00,2024-11-08 00:00:00+00:00,NVDA,-0.01605473513074107,-16.054735130741072,0.0,-16.054735130741072
2024-11-01 00:00:00+00:00,2024-11-08 00:00:00+00:00,GOOGL,0.011215519854501421,11.215519854501421,0.0,11.215519854501421
2024-11-04 00:00:00+00:00,2024-11-11 00:00:00+00:00,AMZN,0.01000773544768907,10.00773544768907,0.0,10.00773544768907
2024-11-04 00:00:00+00:00,2024-11-11 00:00:00+00:00,NVDA,0.020860585197934656,20.860585197934654,0.0,20.860585197934654
2024-11-05 00:00:00+00:00,2024-11-12 00:00:00+00:00,AMZN,0.024843233928485864,24.843233928485866,0.0,24.843233928485866
2024-11-05 00:00:00+00:00,2024-11-12 00:00:00+00:00,NVDA,-0.013622875640679877,-13.622875640679876,0.0,-13.622875640679876
2024-11-06 00:00:00+00:00,2024-11-13 00:00:00+00:00,AMZN,-0.012237272302662361,-12.237272302662362,0.0,-12.237272302662362
2024-11-06 00:00:00+00:00,2024-11-13 00:00:00+00:00,NVDA,0.003350198277040972,3.350198277040972,0.0,3.350198277040972
2024-11-07 00:00:00+00:00,2024-11-14 00:00:00+00:00,AAPL,-0.014107181239554567,-14.107181239554567,0.0,-14.107181239554567
2024-11-07 00:00:00+00:00,2024-11-14 00:00:00+00:00,GOOGL,-0.017596177421470016,-17.596177421470017,0.0,-17.596177421470017
2024-11-08 00:00:00+00:00,2024-11-15 00:00:00+00:00,AAPL,0.013423625046161902,13.423625046161902,0.0,13.423625046161902
2024-11-08 00:00:00+00:00,2024-11-15 00:00:00+00:00,MSFT,0.0018301619379434975,1.8301619379434975,0.0,1.8301619379434975
2024-11-11 00:00:00+00:00,2024-11-18 00:00:00+00:00,NVDA,0.04895104895104896,48.95104895104896,0.0,48.95104895104896
2024-11-11 00:00:00+00:00,2024-11-18 00:00:00+00:00,AAPL,0.001137111998946283,1.137111998946283,0.0,1.137111998946283
2024-11-12 00:00:00+00:00,2024-11-19 00:00:00+00:00,AAPL,0.0031531077187549883,3.1531077187549883,0.0,3.1531077187549883
2024-11-12 00:00:00+00:00,2024-11-19 00:00:00+00:00,NVDA,-0.007619047619047636,-7.619047619047636,0.0,-7.619047619047636
2024-11-13 00:00:00+00:00,2024-11-20 00:00:00+00:00,AAPL,-0.002094007379299434,-2.094007379299434,0.0,-2.094007379299434
2024-11-13 00:00:00+00:00,2024-11-20 00:00:00+00:00,NVDA,0.005346860433232736,5.346860433232736,0.0,5.346860433232736
2024-11-14 00:00:00+00:00,2024-11-21 00:00:00+00:00,AAPL,0.005909694264223386,5.909694264223386,0.0,5.909694264223386
2024-11-14 00:00:00+00:00,2024-11-21 00:00:00+00:00,NVDA,-0.03218328105822987,-32.18328105822987,0.0,-32.18328105822987
2024-11-15 00:00:00+00:00,2024-11-22 00:00:00+00:00,AAPL,0.013047757579980779,13.047757579980779,0.0,13.047757579980779
2024-11-15 00:00:00+00:00,2024-11-22 00:00:00+00:00,AMZN,0.021966314935064846,21.966314935064844,0.0,21.966314935064844
2024-11-18 00:00:00+00:00,2024-11-25 00:00:00+00:00,AAPL,0.009406140645016992,9.406140645016992,0.0,9.406140645016992
2024-11-18 00:00:00+00:00,2024-11-25 00:00:00+00:00,MSFT,0.02196805081305664,21.96805081305664,0.0,21.96805081305664
2024-11-19 00:00:00+00:00,2024-11-26 00:00:00+00:00,AMZN,-0.010199172519965383,-10.199172519965384,0.0,-10.199172519965384
2024-11-19 00:00:00+00:00,2024-11-26 00:00:00+00:00,AAPL,-0.0005536579756560966,-0.5536579756560966,0.0,-0.5536579756560966
2024-11-20 00:00:00+00:00,2024-11-27 00:00:00+00:00,AAPL,0.010214256494170515,10.214256494170515,0.0,10.214256494170515
2024-11-20 00:00:00+00:00,2024-11-27 00:00:00+00:00,NVDA,0.021495444502737993,21.495444502737993,0.0,21.495444502737993
2024-11-21 00:00:00+00:00,2024-11-29 00:00:00+00:00,GOOGL,0.015033450464277065,15.033450464277065,0.0,15.033450464277065
2024-11-21 00:00:00+00:00,2024-11-29 00:00:00+00:00,AAPL,0.009524653160050578,9.524653160050578,0.0,9.524653160050578
2024-11-22 00:00:00+00:00,2024-12-02 00:00:00+00:00,AAPL,0.012773318513999543,12.773318513999543,0.0,12.773318513999543
2024-11-22 00:00:00+00:00,2024-12-02 00:00:00+00:00,GOOGL,-0.0008756874146205185,-0.8756874146205185,0.0,-0.8756874146205185
2024-11-25 00:00:00+00:00,2024-12-03 00:00:00+00:00,AAPL,0.0014811208660638897,1.4811208660638897,0.0,1.4811208660638897
2024-11-25 00:00:00+00:00,2024-12-03 00:00:00+00:00,MSFT,0.014424860853432309,14.424860853432309,0.0,14.424860853432309
2024-11-26 00:00:00+00:00,2024-12-04 00:00:00+00:00,NVDA,-0.0004823261903120768,-0.4823261903120768,0.0,-0.4823261903120768
2024-11-26 00:00:00+00:00,2024-12-04 00:00:00+00:00,AAPL,0.0001235874978886553,0.1235874978886553,0.0,0.1235874978886553
2024-11-27 00:00:00+00:00,2024-12-05 00:00:00+00:00,NVDA,-0.018061491796498075,-18.061491796498075,0.0,-18.061491796498075
2024-11-27 00:00:00+00:00,2024-12-05 00:00:00+00:00,MSFT,0.0021463106050336744,2.1463106050336744,0.0,2.1463106050336744
2024-11-29 00:00:00+00:00,2024-12-06 00:00:00+00:00,GOOGL,0.004928084350467099,4.928084350467099,0.0,4.928084350467099
2024-11-29 00:00:00+00:00,2024-12-06 00:00:00+00:00,NVDA,-0.02548441449031169,-25.484414490311693,0.0,-25.484414490311693
2024-12-02 00:00:00+00:00,2024-12-09 00:00:00+00:00,NVDA,-0.026943303796556517,-26.943303796556517,0.0,-26.943303796556517
2024-12-02 00:00:00+00:00,2024-12-09 00:00:00+00:00,GOOGL,0.05588184980327293,55.88184980327293,0.0,55.88184980327293
2024-12-03 00:00:00+00:00,2024-12-10 00:00:00+00:00,NVDA,0.03139113052491305,31.391130524913045,0.0,31.391130524913045
2024-12-03 00:00:00+00:00,2024-12-10 00:00:00+00:00,GOOGL,0.055246530215477874,55.246530215477875,0.0,55.246530215477875
2024-12-04 00:00:00+00:00,2024-12-11 00:00:00+00:00,MSFT,0.0012695160248556991,1.2695160248556991,0.0,1.2695160248556991
2024-12-04 00:00:00+00:00,2024-12-11 00:00:00+00:00,AMZN,-0.005602362546686335,-5.602362546686335,0.0,-5.602362546686335
2024-12-05 00:00:00+00:00,2024-12-12 00:00:00+00:00,GOOGL,-0.01114815586580542,-11.148155865805421,0.0,-11.148155865805421
2024-12-05 00:00:00+00:00,2024-12-12 00:00:00+00:00,MSFT,-0.00509386956134894,-5.09386956134894,0.0,-5.09386956134894
2024-12-06 00:00:00+00:00,2024-12-13 00:00:00+00:00,GOOGL,0.03603413760404606,36.03413760404606,0.0,36.03413760404606
2024-12-06 00:00:00+00:00,2024-12-13 00:00:00+00:00,AAPL,0.011728537019329632,11.728537019329632,0.0,11.728537019329632
2024-12-09 00:00:00+00:00,2024-12-16 00:00:00+00:00,GOOGL,-0.0063052984846944105,-6.3052984846944105,0.0,-6.3052984846944105
2024-12-09 00:00:00+00:00,2024-12-16 00:00:00+00:00,AMZN,-0.0076417807925127645,-7.6417807925127645,0.0,-7.6417807925127645
2024-12-10 00:00:00+00:00,2024-12-17 00:00:00+00:00,GOOGL,-0.03592262818544667,-35.92262818544667,0.0,-35.92262818544667
2024-12-10 00:00:00+00:00,2024-12-17 00:00:00+00:00,MSFT,-0.03756106147955818,-37.56106147955818,0.0,-37.56106147955818
2024-12-11 00:00:00+00:00,2024-12-18 00:00:00+00:00,AAPL,0.007014343484893715,7.014343484893715,0.0,7.014343484893715
2024-12-11 00:00:00+00:00,2024-12-18 00:00:00+00:00,MSFT,-0.0008230640846841331,-0.8230640846841331,0.0,-0.8230640846841331
2024-12-12 00:00:00+00:00,2024-12-19 00:00:00+00:00,MSFT,-0.000983914147770104,-0.9839141477701041,0.0,-0.9839141477701041
2024-12-12 00:00:00+00:00,2024-12-19 00:00:00+00:00,AAPL,0.01881642860578081,18.81642860578081,0.0,18.81642860578081
2024-12-13 00:00:00+00:00,2024-12-20 00:00:00+00:00,GOOGL,0.016822527558643774,16.822527558643774,0.0,16.822527558643774
2024-12-13 00:00:00+00:00,2024-12-20 00:00:00+00:00,AMZN,0.0006224435354793556,0.6224435354793556,0.0,0.6224435354793556
2024-12-16 00:00:00+00:00,2024-12-23 00:00:00+00:00,AAPL,0.011474959802345142,11.474959802345142,0.0,11.474959802345142
2024-12-16 00:00:00+00:00,2024-12-23 00:00:00+00:00,MSFT,0.009373923032739873,9.373923032739873,0.0,9.373923032739873
2024-12-17 00:00:00+00:00,2024-12-24 00:00:00+00:00,AAPL,0.0031793297042448376,3.1793297042448376,0.0,3.1793297042448376
2024-12-17 00:00:00+00:00,2024-12-24 00:00:00+00:00,NVDA,-0.002068178576522528,-2.068178576522528,0.0,-2.068178576522528
2024-12-18 00:00:00+00:00,2024-12-26 00:00:00+00:00,NVDA,-0.02086757664546568,-20.86757664546568,0.0,-20.86757664546568
2024-12-18 00:00:00+00:00,2024-12-26 00:00:00+00:00,GOOGL,-0.01451942740286305,-14.51942740286305,0.0,-14.51942740286305
2024-12-19 00:00:00+00:00,2024-12-27 00:00:00+00:00,GOOGL,-0.007885453413571164,-7.885453413571164,0.0,-7.885453413571164
2024-12-19 00:00:00+00:00,2024-12-27 00:00:00+00:00,NVDA,0.0035033939128532587,3.5033939128532587,0.0,3.5033939128532587
2024-12-20 00:00:00+00:00,2024-12-30 00:00:00+00:00,AMZN,-0.008630817894261344,-8.630817894261344,0.0,-8.630817894261344
2024-12-20 00:00:00+00:00,2024-12-30 00:00:00+00:00,GOOGL,-0.010144321271700507,-10.144321271700507,0.0,-10.144321271700507
2024-12-23 00:00:00+00:00,2024-12-31 00:00:00+00:00,GOOGL,0.0006867406233490581,0.686740623349058,0.0,0.686740623349058
2024-12-23 00:00:00+00:00,2024-12-31 00:00:00+00:00,AMZN,0.003783217101964498,3.783217101964498,0.0,3.783217101964498
2024-12-24 00:00:00+00:00,2025-01-02 00:00:00+00:00,AMZN,0.01802742711833627,18.02742711833627,0.0,18.02742711833627
2024-12-24 00:00:00+00:00,2025-01-02 00:00:00+00:00,AAPL,-0.0020075375027711617,-2.0075375027711617,0.0,-2.0075375027711617
2024-12-26 00:00:00+00:00,2025-01-03 00:00:00+00:00,MSFT,0.010629502775481248,10.629502775481248,0.0,10.629502775481248
2024-12-26 00:00:00+00:00,2025-01-03 00:00:00+00:00,AMZN,0.01525491770373355,15.25491770373355,0.0,15.25491770373355
2024-12-27 00:00:00+00:00,2025-01-06 00:00:00+00:00,AMZN,-0.024164140415623203,-24.1641404156232,0.0,-24.1641404156232
2024-12-27 00:00:00+00:00,2025-01-06 00:00:00+00:00,MSFT,-0.012808227182423804,-12.808227182423803,0.0,-12.808227182423803
2024-12-30 00:00:00+00:00,2025-01-07 00:00:00+00:00,GOOGL,-0.007877640800041052,-7.8776408000410525,0.0,-7.8776408000410525
2024-12-30 00:00:00+00:00,2025-01-07 00:00:00+00:00,AAPL,0.002021128856264376,2.021128856264376,0.0,2.021128856264376
2024-12-31 00:00:00+00:00,2025-01-08 00:00:00+00:00,NVDA,-0.02997644707729652,-29.97644707729652,0.0,-29.97644707729652
2024-12-31 00:00:00+00:00,2025-01-08 00:00:00+00:00,AAPL,-0.024101504333155943,-24.101504333155944,0.0,-24.101504333155944
2025-01-02 00:00:00+00:00,2025-01-10 00:00:00+00:00,NVDA,-0.019718931645942184,-19.718931645942185,0.0,-19.718931645942185
2025-01-02 00:00:00+00:00,2025-01-10 00:00:00+00:00,MSFT,-0.0042009786370688085,-4.2009786370688085,0.0,-4.2009786370688085
2025-01-03 00:00:00+00:00,2025-01-13 00:00:00+00:00,AMZN,-0.003204247917238945,-3.204247917238945,0.0,-3.204247917238945
2025-01-03 00:00:00+00:00,2025-01-13 00:00:00+00:00,GOOGL,-0.007067692790953317,-7.067692790953317,0.0,-7.067692790953317
2025-01-06 00:00:00+00:00,2025-01-14 00:00:00+00:00,AMZN,0.025670462894930246,25.670462894930246,0.0,25.670462894930246
2025-01-06 00:00:00+00:00,2025-01-14 00:00:00+00:00,MSFT,0.025597228570741093,25.597228570741095,0.0,25.597228570741095
2025-01-07 00:00:00+00:00,2025-01-15 00:00:00+00:00,AMZN,-0.012043877322587826,-12.043877322587825,0.0,-12.043877322587825
2025-01-07 00:00:00+00:00,2025-01-15 00:00:00+00:00,MSFT,-0.004058079801083747,-4.058079801083747,0.0,-4.058079801083747
2025-01-08 00:00:00+00:00,2025-01-16 00:00:00+00:00,AMZN,0.023928215353938187,23.928215353938185,0.0,23.928215353938185
2025-01-08 00:00:00+00:00,2025-01-16 00:00:00+00:00,AAPL,0.0075347902933657895,7.5347902933657895,0.0,7.5347902933657895
2025-01-10 00:00:00+00:00,2025-01-17 00:00:00+00:00,GOOGL,0.010459183673469541,10.459183673469541,0.0,10.459183673469541
2025-01-10 00:00:00+00:00,2025-01-17 00:00:00+00:00,AMZN,0.021111799592812286,21.111799592812286,0.0,21.111799592812286
2025-01-13 00:00:00+00:00,2025-01-21 00:00:00+00:00,GOOGL,0.0016157535975762638,1.6157535975762638,0.0,1.6157535975762638
2025-01-13 00:00:00+00:00,2025-01-21 00:00:00+00:00,MSFT,0.04130688448074671,41.30688448074671,0.0,41.30688448074671
2025-01-14 00:00:00+00:00,2025-01-22 00:00:00+00:00,NVDA,0.0010199224858911116,1.0199224858911116,0.0,1.0199224858911116
2025-01-14 00:00:00+00:00,2025-01-22 00:00:00+00:00,MSFT,0.0011429852084265946,1.1429852084265946,0.0,1.1429852084265946
2025-01-15 00:00:00+00:00,2025-01-23 00:00:00+00:00,GOOGL,0.011263764016567368,11.263764016567368,0.0,11.263764016567368
2025-01-15 00:00:00+00:00,2025-01-23 00:00:00+00:00,NVDA,-0.03124575465290036,-31.24575465290036,0.0,-31.24575465290036
2025-01-16 00:00:00+00:00,2025-01-24 00:00:00+00:00,NVDA,-0.16968167157481417,-169.68167157481417,0.0,-169.68167157481417
2025-01-16 00:00:00+00:00,2025-01-24 00:00:00+00:00,GOOGL,-0.04195594625643073,-41.955946256430735,0.0,-41.955946256430735
2025-01-17 00:00:00+00:00,2025-01-27 00:00:00+00:00,NVDA,0.08925857118729952,89.25857118729952,0.0,89.25857118729952
2025-01-17 00:00:00+00:00,2025-01-27 00:00:00+00:00,GOOGL,0.018195088890047506,18.195088890047508,0.0,18.195088890047508
2025-01-21 00:00:00+00:00,2025-01-28 00:00:00+00:00,NVDA,-0.0410109310799287,-41.0109310799287,0.0,-41.0109310799287
2025-01-21 00:00:00+00:00,2025-01-28 00:00:00+00:00,MSFT,-0.0108899821109123,-10.8899821109123,0.0,-10.8899821109123
2025-01-22 00:00:00+00:00,2025-01-29 00:00:00+00:00,NVDA,0.007679870654810017,7.679870654810017,0.0,7.679870654810017
2025-01-22 00:00:00+00:00,2025-01-29 00:00:00+00:00,AMZN,-0.010250137090310862,-10.250137090310862,0.0,-10.250137090310862
2025-01-23 00:00:00+00:00,2025-01-30 00:00:00+00:00,NVDA,-0.036742880064179806,-36.74288006417981,0.0,-36.74288006417981
2025-01-23 00:00:00+00:00,2025-01-30 00:00:00+00:00,GOOGL,0.01568178423856237,15.681784238562368,0.0,15.681784238562368
2025-01-24 00:00:00+00:00,2025-01-31 00:00:00+00:00,AAPL,-0.0338549509843431,-33.854950984343105,0.0,-33.854950984343105
2025-01-24 00:00:00+00:00,2025-01-31 00:00:00+00:00,NVDA,-0.028400099941700674,-28.400099941700674,0.0,-28.400099941700674
2025-01-27 00:00:00+00:00,2025-02-03 00:00:00+00:00,NVDA,0.01705811760672038,17.05811760672038,0.0,17.05811760672038
2025-01-27 00:00:00+00:00,2025-02-03 00:00:00+00:00,AAPL,0.02100456621004576,21.00456621004576,0.0,21.00456621004576
2025-01-28 00:00:00+00:00,2025-02-04 00:00:00+00:00,GOOGL,-0.07292373291985654,-72.92373291985655,0.0,-72.92373291985655
2025-01-28 00:00:00+00:00,2025-02-04 00:00:00+00:00,MSFT,0.002231006135266833,2.231006135266833,0.0,2.231006135266833
2025-01-29 00:00:00+00:00,2025-02-05 00:00:00+00:00,NVDA,0.03084194504526172,30.84194504526172,0.0,30.84194504526172
2025-01-29 00:00:00+00:00,2025-02-05 00:00:00+00:00,GOOGL,0.0014111744107039303,1.4111744107039303,0.0,1.4111744107039303
2025-01-30 00:00:00+00:00,2025-02-06 00:00:00+00:00,GOOGL,-0.03267223382045925,-32.672233820459255,0.0,-32.672233820459255
2025-01-30 00:00:00+00:00,2025-02-06 00:00:00+00:00,AMZN,-0.040530921576016454,-40.53092157601645,0.0,-40.53092157601645
2025-01-31 00:00:00+00:00,2025-02-07 00:00:00+00:00,GOOGL,0.0060969029891011495,6.0969029891011495,0.0,6.0969029891011495
2025-01-31 00:00:00+00:00,2025-02-07 00:00:00+00:00,AMZN,0.017412175430940424,17.412175430940422,0.0,17.412175430940422
2025-02-03 00:00:00+00:00,2025-02-10 00:00:00+00:00,NVDA,-0.005764767537620563,-5.764767537620563,0.0,-5.764767537620563
2025-02-03 00:00:00+00:00,2025-02-10 00:00:00+00:00,AMZN,-0.0016299219353178573,-1.6299219353178573,0.0,-1.6299219353178573
2025-02-04 00:00:00+00:00,2025-02-11 00:00:00+00:00,NVDA,-0.012500000000000178,-12.500000000000178,0.0,-12.500000000000178
2025-02-04 00:00:00+00:00,2025-02-11 00:00:00+00:00,AMZN,-0.01645471730537884,-16.454717305378843,0.0,-16.454717305378843
2025-02-05 00:00:00+00:00,2025-02-12 00:00:00+00:00,NVDA,0.03164556962025311,31.645569620253113,0.0,31.645569620253113
2025-02-05 00:00:00+00:00,2025-02-12 00:00:00+00:00,MSFT,0.003667123019753582,3.667123019753582,0.0,3.667123019753582
2025-02-06 00:00:00+00:00,2025-02-13 00:00:00+00:00,AMZN,-0.007336024655988149,-7.336024655988149,0.0,-7.336024655988149
2025-02-06 00:00:00+00:00,2025-02-13 00:00:00+00:00,NVDA,0.026313844334392877,26.313844334392876,0.0,26.313844334392876
2025-02-07 00:00:00+00:00,2025-02-14 00:00:00+00:00,AMZN,-0.008877033409130708,-8.877033409130707,0.0,-8.877033409130707
2025-02-07 00:00:00+00:00,2025-02-14 00:00:00+00:00,NVDA,0.003961109110551142,3.961109110551142,0.0,3.961109110551142
2025-02-10 00:00:00+00:00,2025-02-18 00:00:00+00:00,AMZN,-8.824178248401093e-05,-0.08824178248401093,0.0,-0.08824178248401093
2025-02-10 00:00:00+00:00,2025-02-18 00:00:00+00:00,AAPL,0.001636192579866691,1.636192579866691,0.0,1.636192579866691
2025-02-11 00:00:00+00:00,2025-02-19 00:00:00+00:00,AAPL,0.0039204475844325515,3.9204475844325515,0.0,3.9204475844325515
2025-02-11 00:00:00+00:00,2025-02-19 00:00:00+00:00,MSFT,0.0032789256696483804,3.2789256696483804,0.0,3.2789256696483804
2025-02-12 00:00:00+00:00,2025-02-20 00:00:00+00:00,NVDA,-0.040539576047391335,-40.539576047391336,0.0,-40.539576047391336
2025-02-12 00:00:00+00:00,2025-02-20 00:00:00+00:00,AAPL,-0.0011389984948948495,-1.1389984948948495,0.0,-1.1389984948948495
2025-02-13 00:00:00+00:00,2025-02-21 00:00:00+00:00,NVDA,-0.030871085323216585,-30.871085323216583,0.0,-30.871085323216583
2025-02-13 00:00:00+00:00,2025-02-21 00:00:00+00:00,AAPL,0.006605579311748988,6.605579311748988,0.0,6.605579311748988
2025-02-14 00:00:00+00:00,2025-02-24 00:00:00+00:00,NVDA,-0.028016579674547182,-28.01657967454718,0.0,-28.01657967454718
2025-02-14 00:00:00+00:00,2025-02-24 00:00:00+00:00,AMZN,0.0004231112782662194,0.4231112782662194,0.0,0.4231112782662194
2025-02-18 00:00:00+00:00,2025-02-25 00:00:00+00:00,NVDA,0.036721156124141174,36.721156124141174,0.0,36.721156124141174
2025-02-18 00:00:00+00:00,2025-02-25 00:00:00+00:00,GOOGL,-0.015334625470299845,-15.334625470299844,0.0,-15.334625470299844
2025-02-19 00:00:00+00:00,2025-02-26 00:00:00+00:00,MSFT,-0.018012158206789697,-18.012158206789696,0.0,-18.012158206789696
2025-02-19 00:00:00+00:00,2025-02-26 00:00:00+00:00,AAPL,-0.01273090364453322,-12.730903644533221,0.0,-12.730903644533221
2025-02-20 00:00:00+00:00,2025-02-27 00:00:00+00:00,MSFT,0.011362188877283463,11.362188877283463,0.0,11.362188877283463
2025-02-20 00:00:00+00:00,2025-02-27 00:00:00+00:00,AAPL,0.01913190054782965,19.13190054782965,0.0,19.13190054782965
2025-02-21 00:00:00+00:00,2025-02-28 00:00:00+00:00,GOOGL,-0.019203664552501776,-19.203664552501778,0.0,-19.203664552501778
2025-02-21 00:00:00+00:00,2025-02-28 00:00:00+00:00,MSFT,-0.021411118667976514,-21.411118667976513,0.0,-21.411118667976513
2025-02-24 00:00:00+00:00,2025-03-03 00:00:00+00:00,AMZN,-0.005950638962052501,-5.950638962052501,0.0,-5.950638962052501
2025-02-24 00:00:00+00:00,2025-03-03 00:00:00+00:00,MSFT,0.0003088882596720133,0.3088882596720133,0.0,0.3088882596720133
2025-02-25 00:00:00+00:00,2025-03-04 00:00:00+00:00,NVDA,0.011294077075610032,11.294077075610032,0.0,11.294077075610032
2025-02-25 00:00:00+00:00,2025-03-04 00:00:00+00:00,MSFT,0.031934330048120074,31.934330048120074,0.0,31.934330048120074
2025-02-26 00:00:00+00:00,2025-03-05 00:00:00+00:00,AAPL,-0.0017392042080257575,-1.7392042080257575,0.0,-1.7392042080257575
2025-02-26 00:00:00+00:00,2025-03-05 00:00:00+00:00,AMZN,-0.03676329429832992,-36.76329429832992,0.0,-36.76329429832992
2025-02-27 00:00:00+00:00,2025-03-06 00:00:00+00:00,NVDA,0.019173374333001814,19.173374333001814,0.0,19.173374333001814
2025-02-27 00:00:00+00:00,2025-03-06 00:00:00+00:00,GOOGL,0.008761241659414054,8.761241659414054,0.0,8.761241659414054
2025-02-28 00:00:00+00:00,2025-03-07 00:00:00+00:00,GOOGL,-0.045956516737605035,-45.956516737605035,0.0,-45.956516737605035
2025-02-28 00:00:00+00:00,2025-03-07 00:00:00+00:00,MSFT,-0.03343418677379162,-33.434186773791616,0.0,-33.434186773791616
2025-03-03 00:00:00+00:00,2025-03-10 00:00:00+00:00,NVDA,0.016638624041876993,16.638624041876994,0.0,16.638624041876994
2025-03-03 00:00:00+00:00,2025-03-10 00:00:00+00:00,GOOGL,-0.011032736480376282,-11.032736480376283,0.0,-11.032736480376283
2025-03-04 00:00:00+00:00,2025-03-11 00:00:00+00:00,MSFT,0.007412274937574015,7.412274937574015,0.0,7.412274937574015
2025-03-04 00:00:00+00:00,2025-03-11 00:00:00+00:00,GOOGL,0.018714947573762686,18.714947573762686,0.0,18.714947573762686
2025-03-05 00:00:00+00:00,2025-03-12 00:00:00+00:00,GOOGL,-0.02603075818323275,-26.03075818323275,0.0,-26.03075818323275
2025-03-05 00:00:00+00:00,2025-03-12 00:00:00+00:00,AAPL,-0.03364365379297618,-33.64365379297618,0.0,-33.64365379297618
2025-03-06 00:00:00+00:00,2025-03-13 00:00:00+00:00,AAPL,0.018170545593285015,18.170545593285013,0.0,18.170545593285013
2025-03-06 00:00:00+00:00,2025-03-13 00:00:00+00:00,MSFT,0.02584681996990268,25.84681996990268,0.0,25.84681996990268
2025-03-07 00:00:00+00:00,2025-03-14 00:00:00+00:00,GOOGL,-0.007251193425584779,-7.251193425584779,0.0,-7.251193425584779
2025-03-07 00:00:00+00:00,2025-03-14 00:00:00+00:00,AAPL,0.0023888706730994524,2.3888706730994524,0.0,2.3888706730994524
2025-03-10 00:00:00+00:00,2025-03-17 00:00:00+00:00,NVDA,-0.03430101229816773,-34.301012298167734,0.0,-34.301012298167734
2025-03-10 00:00:00+00:00,2025-03-17 00:00:00+00:00,MSFT,-0.013326472858245397,-13.326472858245397,0.0,-13.326472858245397
2025-03-11 00:00:00+00:00,2025-03-18 00:00:00+00:00,NVDA,0.0181062115567876,18.1062115567876,0.0,18.1062115567876
2025-03-11 00:00:00+00:00,2025-03-18 00:00:00+00:00,MSFT,0.011211931581143197,11.211931581143197,0.0,11.211931581143197
2025-03-12 00:00:00+00:00,2025-03-19 00:00:00+00:00,NVDA,0.008594281824370276,8.594281824370276,0.0,8.594281824370276
2025-03-12 00:00:00+00:00,2025-03-19 00:00:00+00:00,MSFT,-0.002526945490175847,-2.526945490175847,0.0,-2.526945490175847
2025-03-13 00:00:00+00:00,2025-03-20 00:00:00+00:00,NVDA,-0.007002446637981885,-7.002446637981885,0.0,-7.002446637981885
2025-03-13 00:00:00+00:00,2025-03-20 00:00:00+00:00,MSFT,0.011425912521972892,11.425912521972892,0.0,11.425912521972892
2025-03-14 00:00:00+00:00,2025-03-21 00:00:00+00:00,AAPL,0.011270444861868123,11.270444861868123,0.0,11.270444861868123
2025-03-14 00:00:00+00:00,2025-03-21 00:00:00+00:00,MSFT,0.004651638296784721,4.651638296784721,0.0,4.651638296784721
2025-03-17 00:00:00+00:00,2025-03-24 00:00:00+00:00,GOOGL,0.01717557251908386,17.175572519083858,0.0,17.175572519083858
2025-03-17 00:00:00+00:00,2025-03-24 00:00:00+00:00,AMZN,0.01205352750172195,12.05352750172195,0.0,12.05352750172195
2025-03-18 00:00:00+00:00,2025-03-25 00:00:00+00:00,NVDA,-0.05741983594332578,-57.41983594332578,0.0,-57.41983594332578
2025-03-18 00:00:00+00:00,2025-03-25 00:00:00+00:00,MSFT,-0.013133920437291224,-13.133920437291223,0.0,-13.133920437291223
2025-03-19 00:00:00+00:00,2025-03-26 00:00:00+00:00,NVDA,-0.02048171589310832,-20.481715893108323,0.0,-20.481715893108323
2025-03-19 00:00:00+00:00,2025-03-26 00:00:00+00:00,GOOGL,-0.017084696474009453,-17.084696474009455,0.0,-17.084696474009455
2025-03-20 00:00:00+00:00,2025-03-27 00:00:00+00:00,AMZN,-0.042908224076281365,-42.908224076281364,0.0,-42.908224076281364
2025-03-20 00:00:00+00:00,2025-03-27 00:00:00+00:00,GOOGL,-0.048754930966469434,-48.75493096646943,0.0,-48.75493096646943
2025-03-21 00:00:00+00:00,2025-03-28 00:00:00+00:00,NVDA,-0.011762560408498324,-11.762560408498324,0.0,-11.762560408498324
2025-03-21 00:00:00+00:00,2025-03-28 00:00:00+00:00,GOOGL,0.002008682692930641,2.008682692930641,0.0,2.008682692930641
2025-03-24 00:00:00+00:00,2025-03-31 00:00:00+00:00,GOOGL,0.015713916192447108,15.713916192447108,0.0,15.713916192447108
2025-03-24 00:00:00+00:00,2025-03-31 00:00:00+00:00,AAPL,0.004771980371854223,4.771980371854223,0.0,4.771980371854223
2025-03-25 00:00:00+00:00,2025-04-01 00:00:00+00:00,AAPL,0.003136341233926254,3.136341233926254,0.0,3.136341233926254
2025-03-25 00:00:00+00:00,2025-04-01 00:00:00+00:00,GOOGL,-0.00019099764436236732,-0.19099764436236732,0.0,-0.19099764436236732
2025-03-26 00:00:00+00:00,2025-04-02 00:00:00+00:00,AAPL,-0.09245611684309252,-92.45611684309252,0.0,-92.45611684309252
2025-03-26 00:00:00+00:00,2025-04-02 00:00:00+00:00,GOOGL,-0.04024452368823228,-40.24452368823228,0.0,-40.24452368823228
2025-03-27 00:00:00+00:00,2025-04-03 00:00:00+00:00,MSFT,-0.035565918897912274,-35.565918897912276,0.0,-35.565918897912276
2025-03-27 00:00:00+00:00,2025-04-03 00:00:00+00:00,GOOGL,-0.03397027600849256,-33.97027600849256,0.0,-33.97027600849256
2025-03-28 00:00:00+00:00,2025-04-04 00:00:00+00:00,AAPL,-0.03673426053721196,-36.73426053721196,0.0,-36.73426053721196
2025-03-28 00:00:00+00:00,2025-04-04 00:00:00+00:00,MSFT,-0.005502445531347155,-5.502445531347155,0.0,-5.502445531347155
2025-03-31 00:00:00+00:00,2025-04-07 00:00:00+00:00,NVDA,-0.013723883654240154,-13.723883654240154,0.0,-13.723883654240154
2025-03-31 00:00:00+00:00,2025-04-07 00:00:00+00:00,AMZN,-0.026246719160104903,-26.246719160104902,0.0,-26.246719160104902
2025-04-01 00:00:00+00:00,2025-04-08 00:00:00+00:00,AMZN,0.11977030352748153,119.77030352748153,0.0,119.77030352748153
2025-04-01 00:00:00+00:00,2025-04-08 00:00:00+00:00,MSFT,0.10133686823104693,101.33686823104694,0.0,101.33686823104694
2025-04-02 00:00:00+00:00,2025-04-09 00:00:00+00:00,AAPL,-0.042393764143827006,-42.393764143827006,0.0,-42.393764143827006
2025-04-02 00:00:00+00:00,2025-04-09 00:00:00+00:00,GOOGL,-0.03711171318757489,-37.11171318757489,0.0,-37.11171318757489
2025-04-03 00:00:00+00:00,2025-04-10 00:00:00+00:00,MSFT,0.018618067392159432,18.618067392159432,0.0,18.618067392159432
2025-04-03 00:00:00+00:00,2025-04-10 00:00:00+00:00,GOOGL,0.028268551236749095,28.268551236749097,0.0,28.268551236749097
2025-04-04 00:00:00+00:00,2025-04-11 00:00:00+00:00,NVDA,-0.001983232669251045,-1.983232669251045,0.0,-1.983232669251045
2025-04-04 00:00:00+00:00,2025-04-11 00:00:00+00:00,AMZN,-0.014875317790880027,-14.875317790880027,0.0,-14.875317790880027
2025-04-07 00:00:00+00:00,2025-04-14 00:00:00+00:00,MSFT,-0.005363451174544176,-5.363451174544176,0.0,-5.363451174544176
2025-04-07 00:00:00+00:00,2025-04-14 00:00:00+00:00,GOOGL,-0.017350851826239966,-17.350851826239968,0.0,-17.350851826239968
2025-04-08 00:00:00+00:00,2025-04-15 00:00:00+00:00,AAPL,-0.03893341248639548,-38.93341248639548,0.0,-38.93341248639548
2025-04-08 00:00:00+00:00,2025-04-15 00:00:00+00:00,AMZN,-0.02928893590957171,-29.288935909571713,0.0,-29.288935909571713
2025-04-09 00:00:00+00:00,2025-04-16 00:00:00+00:00,GOOGL,-0.014152481575686493,-14.152481575686494,0.0,-14.152481575686494
2025-04-09 00:00:00+00:00,2025-04-16 00:00:00+00:00,MSFT,-0.010306504130674687,-10.306504130674687,0.0,-10.306504130674687
2025-04-10 00:00:00+00:00,2025-04-17 00:00:00+00:00,NVDA,-0.045127598778204714,-45.127598778204714,0.0,-45.127598778204714
2025-04-10 00:00:00+00:00,2025-04-17 00:00:00+00:00,AMZN,-0.030647123573373625,-30.647123573373626,0.0,-30.647123573373626
2025-04-11 00:00:00+00:00,2025-04-21 00:00:00+00:00,NVDA,0.020431328036322416,20.431328036322416,0.0,20.431328036322416
2025-04-11 00:00:00+00:00,2025-04-21 00:00:00+00:00,AAPL,0.03406502381445442,34.06502381445442,0.0,34.06502381445442
2025-04-14 00:00:00+00:00,2025-04-22 00:00:00+00:00,NVDA,0.03862877945191623,38.62877945191623,0.0,38.62877945191623
2025-04-14 00:00:00+00:00,2025-04-22 00:00:00+00:00,AMZN,0.04284559417946632,42.84559417946632,0.0,42.84559417946632
2025-04-15 00:00:00+00:00,2025-04-23 00:00:00+00:00,NVDA,0.03621847921331911,36.218479213319114,0.0,36.218479213319114
2025-04-15 00:00:00+00:00,2025-04-23 00:00:00+00:00,GOOGL,0.02529771483746379,25.297714837463793,0.0,25.297714837463793
2025-04-16 00:00:00+00:00,2025-04-24 00:00:00+00:00,AMZN,0.013133912297630612,13.133912297630612,0.0,13.133912297630612
2025-04-16 00:00:00+00:00,2025-04-24 00:00:00+00:00,AAPL,0.004367231367279345,4.367231367279345,0.0,4.367231367279345
2025-04-17 00:00:00+00:00,2025-04-25 00:00:00+00:00,AMZN,-0.0068257579766126675,-6.8257579766126675,0.0,-6.8257579766126675
2025-04-17 00:00:00+00:00,2025-04-25 00:00:00+00:00,MSFT,-0.0017608778869465658,-1.7608778869465658,0.0,-1.7608778869465658
2025-04-21 00:00:00+00:00,2025-04-28 00:00:00+00:00,AMZN,-0.001651571656899331,-1.651571656899331,0.0,-1.651571656899331
2025-04-21 00:00:00+00:00,2025-04-28 00:00:00+00:00,NVDA,0.0026671571783316583,2.6671571783316583,0.0,2.6671571783316583
2025-04-22 00:00:00+00:00,2025-04-29 00:00:00+00:00,NVDA,-0.0009172628875435684,-0.9172628875435684,0.0,-0.9172628875435684
2025-04-22 00:00:00+00:00,2025-04-29 00:00:00+00:00,AMZN,-0.015849298254976274,-15.849298254976274,0.0,-15.849298254976274
2025-04-23 00:00:00+00:00,2025-04-30 00:00:00+00:00,AMZN,0.031341503090771106,31.341503090771106,0.0,31.341503090771106
2025-04-23 00:00:00+00:00,2025-04-30 00:00:00+00:00,NVDA,0.024697025339698753,24.697025339698754,0.0,24.697025339698754
2025-04-24 00:00:00+00:00,2025-05-01 00:00:00+00:00,NVDA,0.02589373712032983,25.89373712032983,0.0,25.89373712032983
2025-04-24 00:00:00+00:00,2025-05-01 00:00:00+00:00,MSFT,0.02322519981194171,23.22519981194171,0.0,23.22519981194171
2025-04-25 00:00:00+00:00,2025-05-02 00:00:00+00:00,MSFT,0.002044660907921436,2.044660907921436,0.0,2.044660907921436
2025-04-25 00:00:00+00:00,2025-05-02 00:00:00+00:00,GOOGL,0.0010973602389807713,1.0973602389807713,0.0,1.0973602389807713
2025-04-28 00:00:00+00:00,2025-05-05 00:00:00+00:00,NVDA,-0.002460024600245858,-2.460024600245858,0.0,-2.460024600245858
2025-04-28 00:00:00+00:00,2025-05-05 00:00:00+00:00,MSFT,-0.006557076369305581,-6.557076369305581,0.0,-6.557076369305581
2025-04-29 00:00:00+00:00,2025-05-06 00:00:00+00:00,NVDA,0.03100228994187071,31.002289941870707,0.0,31.002289941870707
2025-04-29 00:00:00+00:00,2025-05-06 00:00:00+00:00,MSFT,9.231266298970198e-05,0.09231266298970198,0.0,0.09231266298970198
2025-04-30 00:00:00+00:00,2025-05-07 00:00:00+00:00,MSFT,0.011122649128879614,11.122649128879614,0.0,11.122649128879614
2025-04-30 00:00:00+00:00,2025-05-07 00:00:00+00:00,NVDA,0.0026482145908082177,2.6482145908082177,0.0,2.6482145908082177
2025-05-01 00:00:00+00:00,2025-05-08 00:00:00+00:00,GOOGL,-0.009917033964220945,-9.917033964220945,0.0,-9.917033964220945
2025-05-01 00:00:00+00:00,2025-05-08 00:00:00+00:00,AMZN,0.005102040816326481,5.102040816326481,0.0,5.102040816326481
2025-05-02 00:00:00+00:00,2025-05-09 00:00:00+00:00,GOOGL,0.037381342062193124,37.38134206219313,0.0,37.38134206219313
2025-05-02 00:00:00+00:00,2025-05-09 00:00:00+00:00,AMZN,0.08070030042473841,80.70030042473842,0.0,80.70030042473842
2025-05-05 00:00:00+00:00,2025-05-12 00:00:00+00:00,NVDA,0.056341463414634196,56.3414634146342,0.0,56.3414634146342
2025-05-05 00:00:00+00:00,2025-05-12 00:00:00+00:00,AMZN,0.013084739263803824,13.084739263803824,0.0,13.084739263803824
2025-05-06 00:00:00+00:00,2025-05-13 00:00:00+00:00,NVDA,0.041637804971907943,41.63780497190794,0.0,41.63780497190794
2025-05-06 00:00:00+00:00,2025-05-13 00:00:00+00:00,AMZN,-0.00529876519846717,-5.29876519846717,0.0,-5.29876519846717
2025-05-07 00:00:00+00:00,2025-05-14 00:00:00+00:00,AMZN,-0.024161712247324663,-24.16171224732466,0.0,-24.16171224732466
2025-05-07 00:00:00+00:00,2025-05-14 00:00:00+00:00,NVDA,-0.003768287276488813,-3.768287276488813,0.0,-3.768287276488813
2025-05-08 00:00:00+00:00,2025-05-15 00:00:00+00:00,AMZN,0.0020470829068577334,2.0470829068577334,0.0,2.0470829068577334
2025-05-08 00:00:00+00:00,2025-05-15 00:00:00+00:00,AAPL,-0.000898557578623782,-0.898557578623782,0.0,-0.898557578623782
2025-05-09 00:00:00+00:00,2025-05-16 00:00:00+00:00,NVDA,0.0012555391432791385,1.2555391432791385,0.0,1.2555391432791385
2025-05-09 00:00:00+00:00,2025-05-16 00:00:00+00:00,GOOGL,0.0021060232264276113,2.1060232264276113,0.0,2.1060232264276113
2025-05-12 00:00:00+00:00,2025-05-19 00:00:00+00:00,NVDA,-0.008777753190233772,-8.777753190233772,0.0,-8.777753190233772
2025-05-12 00:00:00+00:00,2025-05-19 00:00:00+00:00,MSFT,-0.0015254865212369628,-1.5254865212369628,0.0,-1.5254865212369628
2025-05-13 00:00:00+00:00,2025-05-20 00:00:00+00:00,NVDA,-0.019199285607977234,-19.199285607977234,0.0,-19.199285607977234
2025-05-13 00:00:00+00:00,2025-05-20 00:00:00+00:00,GOOGL,0.0279302353945603,27.9302353945603,0.0,27.9302353945603
2025-05-14 00:00:00+00:00,2025-05-21 00:00:00+00:00,AAPL,-0.003612251966945368,-3.612251966945368,0.0,-3.612251966945368
2025-05-14 00:00:00+00:00,2025-05-21 00:00:00+00:00,MSFT,0.005059990719667784,5.059990719667784,0.0,5.059990719667784
2025-05-15 00:00:00+00:00,2025-05-22 00:00:00+00:00,NVDA,-0.011593766468418476,-11.593766468418476,0.0,-11.593766468418476
2025-05-15 00:00:00+00:00,2025-05-22 00:00:00+00:00,AAPL,-0.030244338498212175,-30.244338498212176,0.0,-30.244338498212176
2025-05-16 00:00:00+00:00,2025-05-23 00:00:00+00:00,AAPL,0.025298304911148595,25.298304911148595,0.0,25.298304911148595
2025-05-16 00:00:00+00:00,2025-05-23 00:00:00+00:00,NVDA,0.03206641785360653,32.06641785360653,0.0,32.06641785360653
2025-05-19 00:00:00+00:00,2025-05-27 00:00:00+00:00,MSFT,-0.007228288002778416,-7.228288002778416,0.0,-7.228288002778416
2025-05-19 00:00:00+00:00,2025-05-27 00:00:00+00:00,AAPL,0.0010488986564105574,1.0488986564105574,0.0,1.0488986564105574
2025-05-20 00:00:00+00:00,2025-05-28 00:00:00+00:00,GOOGL,-0.0029009050823857185,-2.9009050823857185,0.0,-2.9009050823857185
2025-05-20 00:00:00+00:00,2025-05-28 00:00:00+00:00,MSFT,0.0028861290886827984,2.8861290886827984,0.0,2.8861290886827984
2025-05-21 00:00:00+00:00,2025-05-29 00:00:00+00:00,NVDA,-0.029168762123715775,-29.168762123715773,0.0,-29.168762123715773
2025-05-21 00:00:00+00:00,2025-05-29 00:00:00+00:00,GOOGL,-0.000698242755731382,-0.698242755731382,0.0,-0.698242755731382
2025-05-22 00:00:00+00:00,2025-05-30 00:00:00+00:00,NVDA,0.016650632724043435,16.650632724043433,0.0,16.650632724043433
2025-05-22 00:00:00+00:00,2025-05-30 00:00:00+00:00,GOOGL,-0.015779666938395276,-15.779666938395277,0.0,-15.779666938395277
2025-05-23 00:00:00+00:00,2025-06-02 00:00:00+00:00,NVDA,0.02795166690930273,27.95166690930273,0.0,27.95166690930273
2025-05-23 00:00:00+00:00,2025-06-02 00:00:00+00:00,AAPL,0.007783837382250969,7.783837382250969,0.0,7.783837382250969
2025-05-27 00:00:00+00:00,2025-06-03 00:00:00+00:00,NVDA,0.004956804985129404,4.956804985129404,0.0,4.956804985129404
2025-05-27 00:00:00+00:00,2025-06-03 00:00:00+00:00,GOOGL,0.011252858346371353,11.252858346371353,0.0,11.252858346371353
2025-05-28 00:00:00+00:00,2025-06-04 00:00:00+00:00,NVDA,-0.013599210822998753,-13.599210822998753,0.0,-13.599210822998753
2025-05-28 00:00:00+00:00,2025-06-04 00:00:00+00:00,MSFT,0.00821350809494037,8.21350809494037,0.0,8.21350809494037
2025-05-29 00:00:00+00:00,2025-06-05 00:00:00+00:00,GOOGL,0.03251887521550434,32.51887521550434,0.0,32.51887521550434
2025-05-29 00:00:00+00:00,2025-06-05 00:00:00+00:00,NVDA,0.01235802557325516,12.35802557325516,0.0,12.35802557325516
2025-05-30 00:00:00+00:00,2025-06-06 00:00:00+00:00,NVDA,0.006421112051933298,6.421112051933298,0.0,6.421112051933298
2025-05-30 00:00:00+00:00,2025-06-06 00:00:00+00:00,MSFT,0.00503847952719072,5.03847952719072,0.0,5.03847952719072
2025-06-02 00:00:00+00:00,2025-06-09 00:00:00+00:00,NVDA,0.009324826474093939,9.324826474093939,0.0,9.324826474093939
2025-06-02 00:00:00+00:00,2025-06-09 00:00:00+00:00,GOOGL,0.014254074620932533,14.254074620932533,0.0,14.254074620932533
2025-06-03 00:00:00+00:00,2025-06-10 00:00:00+00:00,NVDA,-0.007849402611836642,-7.849402611836642,0.0,-7.849402611836642
2025-06-03 00:00:00+00:00,2025-06-10 00:00:00+00:00,AAPL,-0.01919376326047262,-19.19376326047262,0.0,-19.19376326047262
2025-06-04 00:00:00+00:00,2025-06-11 00:00:00+00:00,NVDA,0.015192886648463189,15.192886648463189,0.0,15.192886648463189
2025-06-04 00:00:00+00:00,2025-06-11 00:00:00+00:00,GOOGL,-0.009303636876233479,-9.30363687623348,0.0,-9.30363687623348
2025-06-05 00:00:00+00:00,2025-06-12 00:00:00+00:00,NVDA,-0.020896551724137957,-20.896551724137957,0.0,-20.896551724137957
2025-06-05 00:00:00+00:00,2025-06-12 00:00:00+00:00,GOOGL,-0.005862265224815033,-5.862265224815033,0.0,-5.862265224815033
2025-06-06 00:00:00+00:00,2025-06-13 00:00:00+00:00,GOOGL,0.012022671323066447,12.022671323066447,0.0,12.022671323066447
2025-06-06 00:00:00+00:00,2025-06-13 00:00:00+00:00,NVDA,0.019158977248714404,19.158977248714404,0.0,19.158977248714404
2025-06-09 00:00:00+00:00,2025-06-16 00:00:00+00:00,NVDA,-0.003939456769645355,-3.9394567696453553,0.0,-3.9394567696453553
2025-06-09 00:00:00+00:00,2025-06-16 00:00:00+00:00,AAPL,-0.014010684406813856,-14.010684406813855,0.0,-14.010684406813855
2025-06-10 00:00:00+00:00,2025-06-17 00:00:00+00:00,AAPL,0.004804743406256584,4.804743406256584,0.0,4.804743406256584
2025-06-10 00:00:00+00:00,2025-06-17 00:00:00+00:00,MSFT,0.004602125345159358,4.602125345159358,0.0,4.602125345159358
2025-06-11 00:00:00+00:00,2025-06-18 00:00:00+00:00,NVDA,-0.011204289249381327,-11.204289249381327,0.0,-11.204289249381327
2025-06-11 00:00:00+00:00,2025-06-18 00:00:00+00:00,AAPL,0.02248448468816755,22.484484688167548,0.0,22.484484688167548
2025-06-12 00:00:00+00:00,2025-06-20 00:00:00+00:00,NVDA,0.002224539450816687,2.224539450816687,0.0,2.224539450816687
2025-06-12 00:00:00+00:00,2025-06-20 00:00:00+00:00,AMZN,-0.0058181124517144855,-5.8181124517144855,0.0,-5.8181124517144855
2025-06-13 00:00:00+00:00,2025-06-23 00:00:00+00:00,NVDA,0.025872234167996222,25.872234167996222,0.0,25.872234167996222
2025-06-13 00:00:00+00:00,2025-06-23 00:00:00+00:00,AMZN,0.020626469036312267,20.626469036312265,0.0,20.626469036312265
2025-06-16 00:00:00+00:00,2025-06-24 00:00:00+00:00,NVDA,0.04334009465855315,43.340094658553156,0.0,43.340094658553156
2025-06-16 00:00:00+00:00,2025-06-24 00:00:00+00:00,AMZN,-0.0036659303473234317,-3.6659303473234317,0.0,-3.6659303473234317
2025-06-17 00:00:00+00:00,2025-06-25 00:00:00+00:00,NVDA,0.004601127600285082,4.601127600285082,0.0,4.601127600285082
2025-06-17 00:00:00+00:00,2025-06-25 00:00:00+00:00,AMZN,0.0241992546818246,24.1992546818246,0.0,24.1992546818246
2025-06-18 00:00:00+00:00,2025-06-26 00:00:00+00:00,NVDA,0.017610630886337075,17.610630886337077,0.0,17.610630886337077
2025-06-18 00:00:00+00:00,2025-06-26 00:00:00+00:00,AMZN,0.028463522476050107,28.46352247605011,0.0,28.46352247605011
2025-06-20 00:00:00+00:00,2025-06-27 00:00:00+00:00,AAPL,0.02034016311915643,20.34016311915643,0.0,20.34016311915643
2025-06-20 00:00:00+00:00,2025-06-27 00:00:00+00:00,NVDA,0.0015213946117274002,1.5213946117274002,0.0,1.5213946117274002
2025-06-23 00:00:00+00:00,2025-06-30 00:00:00+00:00,NVDA,-0.029685423128046118,-29.685423128046118,0.0,-29.685423128046118
2025-06-23 00:00:00+00:00,2025-06-30 00:00:00+00:00,AAPL,0.012916118340888127,12.916118340888127,0.0,12.916118340888127
2025-06-24 00:00:00+00:00,2025-07-01 00:00:00+00:00,NVDA,0.025766470971950284,25.766470971950284,0.0,25.766470971950284
2025-06-24 00:00:00+00:00,2025-07-01 00:00:00+00:00,AAPL,0.022230776633625382,22.230776633625382,0.0,22.230776633625382
2025-06-25 00:00:00+00:00,2025-07-02 00:00:00+00:00,GOOGL,0.0049820868786387695,4.9820868786387695,0.0,4.9820868786387695
2025-06-25 00:00:00+00:00,2025-07-02 00:00:00+00:00,NVDA,0.013290937996820462,13.290937996820462,0.0,13.290937996820462
2025-06-26 00:00:00+00:00,2025-07-03 00:00:00+00:00,NVDA,-0.006903476841973122,-6.903476841973122,0.0,-6.903476841973122
2025-06-26 00:00:00+00:00,2025-07-03 00:00:00+00:00,GOOGL,-0.01526207319111017,-15.26207319111017,0.0,-15.26207319111017
2025-06-27 00:00:00+00:00,2025-07-07 00:00:00+00:00,AAPL,0.0002857823291260164,0.2857823291260164,0.0,0.2857823291260164
2025-06-27 00:00:00+00:00,2025-07-07 00:00:00+00:00,MSFT,-0.002210077955477008,-2.210077955477008,0.0,-2.210077955477008
2025-06-30 00:00:00+00:00,2025-07-08 00:00:00+00:00,AAPL,0.005380696157325726,5.380696157325726,0.0,5.380696157325726
2025-06-30 00:00:00+00:00,2025-07-08 00:00:00+00:00,AMZN,0.014496717724288732,14.496717724288732,0.0,14.496717724288732
2025-07-01 00:00:00+00:00,2025-07-09 00:00:00+00:00,NVDA,0.007490176817288807,7.490176817288807,0.0,7.490176817288807
2025-07-01 00:00:00+00:00,2025-07-09 00:00:00+00:00,AAPL,0.006014966373022679,6.014966373022679,0.0,6.014966373022679
2025-07-02 00:00:00+00:00,2025-07-10 00:00:00+00:00,NVDA,0.004996953077391897,4.996953077391897,0.0,4.996953077391897
2025-07-02 00:00:00+00:00,2025-07-10 00:00:00+00:00,AMZN,0.012417888958877077,12.417888958877077,0.0,12.417888958877077
2025-07-03 00:00:00+00:00,2025-07-11 00:00:00+00:00,NVDA,-0.005154014067426549,-5.154014067426549,0.0,-5.154014067426549
2025-07-03 00:00:00+00:00,2025-07-11 00:00:00+00:00,MSFT,-0.000596042279265685,-0.596042279265685,0.0,-0.596042279265685
2025-07-07 00:00:00+00:00,2025-07-14 00:00:00+00:00,NVDA,0.04040958127628458,40.40958127628458,0.0,40.40958127628458
2025-07-07 00:00:00+00:00,2025-07-14 00:00:00+00:00,AMZN,0.0029243652798085495,2.9243652798085495,0.0,2.9243652798085495
2025-07-08 00:00:00+00:00,2025-07-15 00:00:00+00:00,NVDA,0.003925014645577152,3.9250146455771517,0.0,3.9250146455771517
2025-07-08 00:00:00+00:00,2025-07-15 00:00:00+00:00,AMZN,-0.013960680362270828,-13.960680362270828,0.0,-13.960680362270828
2025-07-09 00:00:00+00:00,2025-07-16 00:00:00+00:00,GOOGL,0.003333879871017187,3.333879871017187,0.0,3.333879871017187
2025-07-09 00:00:00+00:00,2025-07-16 00:00:00+00:00,AMZN,0.003091536359155933,3.091536359155933,0.0,3.091536359155933
2025-07-10 00:00:00+00:00,2025-07-17 00:00:00+00:00,NVDA,-0.003410404624277441,-3.410404624277441,0.0,-3.410404624277441
2025-07-10 00:00:00+00:00,2025-07-17 00:00:00+00:00,AMZN,0.010050026800071388,10.050026800071388,0.0,10.050026800071388
2025-07-11 00:00:00+00:00,2025-07-18 00:00:00+00:00,NVDA,-0.005974131430891538,-5.974131430891538,0.0,-5.974131430891538
2025-07-11 00:00:00+00:00,2025-07-18 00:00:00+00:00,GOOGL,0.027234410461471903,27.234410461471903,0.0,27.234410461471903
2025-07-14 00:00:00+00:00,2025-07-21 00:00:00+00:00,NVDA,-0.025382191620959227,-25.382191620959226,0.0,-25.382191620959226
2025-07-14 00:00:00+00:00,2025-07-21 00:00:00+00:00,AAPL,0.009036144578313365,9.036144578313365,0.0,9.036144578313365
2025-07-15 00:00:00+00:00,2025-07-22 00:00:00+00:00,AAPL,-0.0011660447761193682,-1.1660447761193682,0.0,-1.1660447761193682
2025-07-15 00:00:00+00:00,2025-07-22 00:00:00+00:00,MSFT,0.00118748391948853,1.18748391948853,0.0,1.18748391948853
2025-07-16 00:00:00+00:00,2025-07-23 00:00:00+00:00,MSFT,0.009903730207365458,9.903730207365458,0.0,9.903730207365458
2025-07-16 00:00:00+00:00,2025-07-23 00:00:00+00:00,AMZN,0.017258749835735276,17.258749835735276,0.0,17.258749835735276
