date,open,high,low,close,volume
2023-07-03 00:00:00+00:00,100.93247895179306,100.99553418133715,100.65047499932518,100.76721481481314,651.8609519264214
2023-07-04 00:00:00+00:00,99.49305765532635,99.71933831241607,99.36155755298803,99.7042853606884,1168.32068259001
2023-07-05 00:00:00+00:00,98.13633844174628,98.14666734133846,98.04127873549479,98.11906202325,755.631858958145
2023-07-06 00:00:00+00:00,100.03564066422277,100.2087357909678,99.8658509733673,99.87259677827075,825.8845266309964
2023-07-07 00:00:00+00:00,98.5869987058982,98.69829354687158,98.41624149941804,98.56608109452164,945.1362361783391
2023-07-10 00:00:00+00:00,97.92831828766742,98.05067112365305,97.76467549196946,97.98598080624976,918.2733742945887
2023-07-11 00:00:00+00:00,97.97567400127956,98.11427597750034,97.77342903465903,97.80706369562552,1046.6225459847642
2023-07-12 00:00:00+00:00,96.69970831613364,96.89897190534943,96.6160743240175,96.87906081139255,1192.9079918863752
2023-07-13 00:00:00+00:00,95.17137009336804,95.53303425888988,95.1547833958468,95.402186079566,1464.7693226017566
2023-07-14 00:00:00+00:00,95.32304498193054,95.58347272353849,95.20366603721239,95.53009642391152,1070.2008178581148
2023-07-17 00:00:00+00:00,94.9544540520805,95.19956129612163,94.8741302604516,95.11814685127345,651.5388101437336
2023-07-18 00:00:00+00:00,96.29483389079746,96.47978509911796,96.14227676961744,96.30438954255918,1545.4755247299008
2023-07-19 00:00:00+00:00,94.85249515877206,94.95827786369767,94.7192746193294,94.76145731040467,1155.557055215873
2023-07-20 00:00:00+00:00,94.43498074444207,94.7523835912342,94.31913030752148,94.59684799274096,1171.9033834137877
2023-07-21 00:00:00+00:00,94.63762081956774,94.80323335084785,94.62052495717352,94.70885022807317,887.8171852252054
2023-07-24 00:00:00+00:00,92.81205740332359,92.98497460283735,92.71167943843415,92.89139042693228,932.6963102891341
2023-07-25 00:00:00+00:00,93.05118821523807,93.24791630261417,93.00777919962859,93.09596297771301,737.5062288922331
2023-07-26 00:00:00+00:00,91.20667997937787,91.28802399768479,90.99123890709605,91.16328079055602,878.8930162689836
2023-07-27 00:00:00+00:00,90.79493475849516,90.93776008790746,90.65680954742324,90.83433137991673,895.3665367703578
2023-07-28 00:00:00+00:00,91.94094901063804,92.04242638192052,91.75987666245575,91.99602503121388,1273.1795663105086
2023-07-31 00:00:00+00:00,92.8034186580834,92.87057811698828,92.64551591831271,92.71513014013641,602.6866292527109
2023-08-01 00:00:00+00:00,93.69625128338659,93.7160001771228,93.36330021673598,93.47236516334782,1040.6264916690222
2023-08-02 00:00:00+00:00,93.57527108644985,93.74580735405844,93.51534856388315,93.6685939653478,1041.6340662924442
2023-08-03 00:00:00+00:00,94.03761378221559,94.05603608652352,93.8678897606325,93.86940227965036,923.8854064509732
2023-08-04 00:00:00+00:00,91.95423288545551,91.99136168700412,91.72664635641291,91.89088972334181,906.5463531471314
2023-08-07 00:00:00+00:00,90.79709915272363,91.02835654573614,90.7804794662367,90.85799172179695,1687.4941966652952
2023-08-08 00:00:00+00:00,89.98571799602999,90.08220084244968,89.75447837497686,89.90405887644073,1019.6204175774005
2023-08-09 00:00:00+00:00,89.26183855091625,89.54332524758544,89.12532203618181,89.38532466924796,877.621842907758
2023-08-10 00:00:00+00:00,89.7061399394623,89.72989616078243,89.65980651502565,89.71628342519523,889.3484332364279
2023-08-11 00:00:00+00:00,89.63802108091157,89.7308882368402,89.36272364094421,89.53905925040559,1264.5930292210737
2023-08-14 00:00:00+00:00,88.29885434701416,88.38223542057466,87.98349266186733,88.14867203593582,973.6159973262035
2023-08-15 00:00:00+00:00,87.58127121643737,87.6153971837161,87.49205858641797,87.49696844203,1002.3721197118952
2023-08-16 00:00:00+00:00,87.51902232906556,87.57270935949832,87.40621037678574,87.45278378837418,1146.4806628508409
2023-08-17 00:00:00+00:00,87.00850151619701,87.15899611607828,86.97482574492366,86.97528767855438,605.081120682253
2023-08-18 00:00:00+00:00,87.6331958555119,87.77781913728208,87.26270662170904,87.36345853386247,932.480275719389
2023-08-21 00:00:00+00:00,87.68717624253263,87.81394946942503,87.38097576620581,87.51478107262662,1727.696461457445
2023-08-22 00:00:00+00:00,87.40492225845429,87.63746939176886,87.3261282831376,87.56662758432446,1234.6189514256803
2023-08-23 00:00:00+00:00,86.72911095412547,86.89473993933454,86.60380903131545,86.64727591636742,818.9873149435948
2023-08-24 00:00:00+00:00,86.51483798048666,86.69419975148195,86.43766893442532,86.62297798140966,905.7267313537199
2023-08-25 00:00:00+00:00,86.04098871706262,86.22556631377137,85.909901817275,86.08257553418154,1249.6222933163676
2023-08-28 00:00:00+00:00,85.78765879452102,86.01402482970275,85.74103085168063,85.91711283631693,958.2154818342084
2023-08-29 00:00:00+00:00,86.16419968686098,86.36600797027936,86.13184521785399,86.26991328094054,3078.708020145189
2023-08-30 00:00:00+00:00,87.2832954804429,87.42487936202718,87.09616317377214,87.19117380348366,1064.0193739624096
2023-08-31 00:00:00+00:00,85.99414695889332,86.07563153452077,85.66215142460774,85.75806685374819,1461.125559746674
2023-09-01 00:00:00+00:00,86.55583695110323,86.62495028359702,86.39280415745986,86.56915841403872,1386.6233099888461
2023-09-04 00:00:00+00:00,86.00510736208066,86.10110266901657,85.97245817766769,86.00228088452698,1763.1221382650654
2023-09-05 00:00:00+00:00,85.36557577612555,85.43466403718793,85.31024166517462,85.37548679782833,780.546300663331
2023-09-06 00:00:00+00:00,85.7071069994015,85.7467550332462,85.54589634191976,85.74059017234742,966.7100557638715
2023-09-07 00:00:00+00:00,85.62410225814011,85.95247335718221,85.48558170151678,85.80509102460329,1234.3294556138076
2023-09-08 00:00:00+00:00,86.1866219624896,86.31520672106225,86.16298228395851,86.29058026274546,1282.9960707379937
2023-09-11 00:00:00+00:00,86.73380688496822,86.8385181478782,86.51919732247177,86.6062524024102,1109.7798124011
2023-09-12 00:00:00+00:00,86.63379410558925,86.79540818937488,86.46126479372256,86.52630139347593,1415.947887068871
2023-09-13 00:00:00+00:00,87.31931110904175,87.37436850515428,87.23691003227619,87.29231170970424,1987.7024607637945
2023-09-14 00:00:00+00:00,86.85593437699487,86.88048340680366,86.77795449329754,86.85797505533839,1289.3733196098858
2023-09-15 00:00:00+00:00,85.81158217155247,85.87387688103829,85.76513405409482,85.80570236493244,2140.4926564356756
2023-09-18 00:00:00+00:00,88.01447850981455,88.17199499632808,87.86136041903616,88.06829223711692,1152.8103032383156
2023-09-19 00:00:00+00:00,88.37779273687542,88.38850875249933,87.94235480535963,88.09541838619515,1824.6610821581262
2023-09-20 00:00:00+00:00,88.57941236159492,88.93500720615661,88.4859984698709,88.86839413991615,1672.951228850264
2023-09-21 00:00:00+00:00,87.38730406054111,87.48568508209422,87.26774458639642,87.34782452186073,1396.4314985812434
2023-09-22 00:00:00+00:00,86.92347296014937,86.92845933484314,86.85223051433218,86.86891961559625,783.906927391027
2023-09-25 00:00:00+00:00,86.39503638810729,86.49399701027565,86.2746607518399,86.44896954032912,1279.9687014593678
2023-09-26 00:00:00+00:00,86.76887656116283,87.2015266696192,86.63445337955297,87.06594311593285,1206.999105958001
2023-09-27 00:00:00+00:00,87.38417910552452,87.51782821469541,87.30475566933583,87.34514694709529,1049.6000891914084
2023-09-28 00:00:00+00:00,86.33825956030577,86.42126824054408,86.07502479729055,86.17793894590002,958.5190762757584
2023-09-29 00:00:00+00:00,85.81220022205812,85.89075165404842,85.75874135174766,85.79256341301598,948.0489922090452
2023-10-02 00:00:00+00:00,86.90100104706706,87.07474186298047,86.85933243328388,86.91741731310144,745.7238127712727
2023-10-03 00:00:00+00:00,88.57540678605739,88.66234243883403,88.3758725772322,88.437824010665,1210.1759625393468
2023-10-04 00:00:00+00:00,88.15470194246127,88.1899642814483,88.11558863077683,88.15952044927569,731.5348252454545
2023-10-05 00:00:00+00:00,89.50696444221798,89.83791395816512,89.46644941884502,89.677008091702,1238.7529136836151
2023-10-06 00:00:00+00:00,89.79026566269874,89.91956744119496,89.70348774826115,89.72040216435919,848.7799733513657
2023-10-09 00:00:00+00:00,90.60259143640636,90.76743405041222,90.51888664684445,90.70379566274052,981.1730584729686
2023-10-10 00:00:00+00:00,89.76976914395729,89.89865956954043,89.68291355657155,89.86579552779689,934.6095317805126
2023-10-11 00:00:00+00:00,90.59908972544889,90.95180470494266,90.53068172093968,90.89192549882715,1088.2952733117222
2023-10-12 00:00:00+00:00,88.62040882313232,88.93256138411995,88.44584597772187,88.84710665210609,1345.328539604398
2023-10-13 00:00:00+00:00,88.49885816222871,88.66889343956345,88.47081673765688,88.50035212388616,1827.0484488780094
2023-10-16 00:00:00+00:00,89.55534376573421,89.69994614160032,89.542968524021,89.66561975527418,1461.7651555262587
2023-10-17 00:00:00+00:00,89.4455113139096,89.68763636300521,89.3083454552771,89.55970430189188,1088.524631978602
2023-10-18 00:00:00+00:00,89.68586352191139,89.90738697618332,89.6389533502127,89.79871733478875,1115.631692219653
2023-10-19 00:00:00+00:00,90.9112001500968,91.05822059484815,90.86907250944195,91.0423381768965,1253.4769004974044
2023-10-20 00:00:00+00:00,91.21873749467879,91.34947073622597,91.06032570124566,91.06785023935254,893.4104767125989
2023-10-23 00:00:00+00:00,91.56489162926641,91.57871346056028,91.39324658879248,91.45392835311898,755.5440911580603
2023-10-24 00:00:00+00:00,92.3767086835324,92.81470609436828,92.21192485266523,92.67638370883212,1365.9035999133794
2023-10-25 00:00:00+00:00,93.03096135129357,93.21545009000806,92.76259618710462,92.93805864128362,1061.3578195874286
2023-10-26 00:00:00+00:00,93.54139604999723,93.62439309393025,93.45621624050506,93.52162415417936,670.4465761040698
2023-10-27 00:00:00+00:00,93.4170661434654,93.42937152687813,93.08567298337115,93.25449589219357,1310.0318988350089
2023-10-30 00:00:00+00:00,92.55569119101486,92.70242255330227,92.41070594828503,92.6335853892878,1213.760272533642
2023-10-31 00:00:00+00:00,92.4471950920911,92.61766960076058,92.29873228474665,92.52724072400808,1551.9320832460771
2023-11-01 00:00:00+00:00,90.96861275568511,91.19098042737102,90.83626438165155,91.08944286556739,872.710830086923
2023-11-02 00:00:00+00:00,90.32602638166512,90.33588777682537,90.27035809721478,90.30066596953995,1410.940693442726
2023-11-03 00:00:00+00:00,90.91657367784366,91.20800470566947,90.77312053485294,91.09123395534156,1253.9335668314077
2023-11-06 00:00:00+00:00,92.09865854974343,92.11378365378548,91.88265483040519,91.89445296673902,1206.2389136589102
2023-11-07 00:00:00+00:00,91.35402550706155,91.54695838463356,91.23257043836304,91.47411026076692,1266.8274564588278
2023-11-08 00:00:00+00:00,92.40756519867428,92.42702094187634,92.33303938776329,92.39968277653156,807.5396160414358
2023-11-09 00:00:00+00:00,92.09491275161757,92.14824196449766,91.8741866653768,92.01452692450047,990.7368708673969
2023-11-10 00:00:00+00:00,90.9930376890672,91.17280820615139,90.86164876679149,91.01953145041959,1245.5420650963486
2023-11-13 00:00:00+00:00,90.36073228188262,90.44600856785137,90.19106355838326,90.3219725049401,1727.7720017323795
2023-11-14 00:00:00+00:00,90.42500926947383,90.56666129108497,90.40692123793382,90.4882389713985,800.0693974784475
2023-11-15 00:00:00+00:00,90.44893956282037,90.53078861695923,90.36331294035746,90.5253398630329,1007.8767193384417
2023-11-16 00:00:00+00:00,91.715815423247,91.93424957782396,91.56407392922087,91.87250805021347,1063.9727955489877
2023-11-17 00:00:00+00:00,91.51553829303407,91.63695373047243,91.37155011743019,91.5124709593623,739.847334415764
2023-11-20 00:00:00+00:00,90.8666421633713,90.89937008629084,90.78152461748661,90.84739948507128,1036.8069312151028
2023-11-21 00:00:00+00:00,90.31546269780365,90.50443131079942,90.15618445330315,90.38306425976636,1751.880939031446
2023-11-22 00:00:00+00:00,89.9308795939243,89.97233044126632,89.75306324601581,89.82132591467962,1174.708624674187
2023-11-23 00:00:00+00:00,89.99283934493259,90.24352859403768,89.96005746104717,90.09854266231983,1329.0240131392795
2023-11-24 00:00:00+00:00,89.29210252824171,89.37430634925482,89.07492951407123,89.09395124082947,1709.8583815297454
2023-11-27 00:00:00+00:00,90.37906104020297,90.47558285268437,90.12029366486225,90.22939883585806,1347.1030303427528
2023-11-28 00:00:00+00:00,91.26498992690084,91.57343858613594,91.10822599037179,91.53970283281988,1145.1704076558572
2023-11-29 00:00:00+00:00,92.12174549169826,92.285318228241,91.9542791786353,92.04902525432179,952.4760321228283
2023-11-30 00:00:00+00:00,92.54581653108163,92.66903837244423,92.4575857049045,92.54757932009359,1209.6049061328563
2023-12-01 00:00:00+00:00,90.99342039026614,91.13547125065791,90.87754239646901,91.05507856058414,694.6669155150037
2023-12-04 00:00:00+00:00,91.07599716451764,91.18903146553795,90.89867713358069,90.94938633034026,1301.5468039852517
2023-12-05 00:00:00+00:00,92.31962793735829,92.46794991909186,92.23730710349243,92.45062612031468,958.2107815182426
2023-12-06 00:00:00+00:00,93.38623707532948,93.46872544046454,93.21106642904891,93.41905813855685,806.6109557754526
2023-12-07 00:00:00+00:00,91.35097160950937,91.48700827624194,91.1243591972561,91.23219114958377,1212.9106352189735
2023-12-08 00:00:00+00:00,91.58647996172837,91.60410644443645,91.37804083403259,91.52652377771986,747.3219373008137
2023-12-11 00:00:00+00:00,92.8358256520674,92.86790644342464,92.49899012920466,92.64950099367896,1021.5422259281605
2023-12-12 00:00:00+00:00,93.06376147705957,93.15912346844483,93.01020799399055,93.06375797681132,1025.688786730104
2023-12-13 00:00:00+00:00,93.29599122570475,93.49648897552248,93.28866402800011,93.39335335105407,1189.240514911619
2023-12-14 00:00:00+00:00,93.67651075900092,93.71655429983143,93.46315719826957,93.62695976525201,1007.1395291939882
2023-12-15 00:00:00+00:00,92.72171552604865,92.82687881082909,92.54165301835644,92.79145208523587,2095.6868460892238
2023-12-18 00:00:00+00:00,92.77299144529933,92.83035266605138,92.63842625226123,92.79362925722654,947.6954243350065
2023-12-19 00:00:00+00:00,93.60752170867053,93.77582268781077,93.54652563527223,93.6670101761291,1257.5862612180497
2023-12-20 00:00:00+00:00,94.193291264836,94.32667556494889,94.13139985638334,94.16028604778955,669.7566760376657
2023-12-21 00:00:00+00:00,94.95903716209955,95.00913592985307,94.78319620586005,94.88782639555059,1328.2136197722787
2023-12-22 00:00:00+00:00,93.79348034061233,93.84532296252536,93.65067761196981,93.67464256858672,541.1106393867864
2023-12-25 00:00:00+00:00,93.17726737332873,93.1855985349666,92.95841637186834,92.97574275477561,721.3977369094125
2023-12-26 00:00:00+00:00,91.97837925899466,92.10772932577949,91.89678516786022,92.03567056673809,977.8646125911768
2023-12-27 00:00:00+00:00,89.8495107267028,89.90898345144777,89.62655814220922,89.75198459285835,1399.8377101638569
2023-12-28 00:00:00+00:00,89.62583257306657,89.72089117610804,89.38063540365015,89.533099073722,1318.0408466271756
2023-12-29 00:00:00+00:00,88.98916024010518,89.14032385679037,88.81774217066355,88.94110739762422,1085.5882004583823
2024-01-01 00:00:00+00:00,88.68170644216421,88.77545506030405,88.60733806805739,88.67685482809439,860.7865803005145
2024-01-02 00:00:00+00:00,88.78522739258464,88.82378818879332,88.67665919052754,88.7303917016446,990.2053207113
2024-01-03 00:00:00+00:00,88.45741591008671,88.59766451605506,88.37562971009304,88.44063231672793,1275.6648725935731
2024-01-04 00:00:00+00:00,86.74407711862146,86.77050958229918,86.42642389471932,86.49419366572464,1036.6425078341301
2024-01-05 00:00:00+00:00,86.9138273929354,87.06281032514717,86.70391677525973,86.80754485749048,801.1948119357944
2024-01-08 00:00:00+00:00,86.352862786255,86.50603176753403,86.18352899883817,86.21146529856112,1032.0066867226353
2024-01-09 00:00:00+00:00,87.14642736315261,87.25922294817727,86.91091879726791,87.04002973187129,1084.019234624558
2024-01-10 00:00:00+00:00,87.2549335063515,87.43859492929968,87.10709261686415,87.33143263133871,690.8327010724058
2024-01-11 00:00:00+00:00,86.90841430963926,87.0799837958588,86.84385452545041,86.9248533747909,845.5995922156931
2024-01-12 00:00:00+00:00,85.51283657380337,85.53962263293147,85.42966837370395,85.4643005297214,1305.9032521310667
2024-01-15 00:00:00+00:00,84.34454637717666,84.38508675871849,84.26076269274793,84.33198261080035,913.4286436377168
2024-01-16 00:00:00+00:00,83.3226301548926,83.58989426559539,83.3012080506567,83.46019088280383,907.1429893823735
2024-01-17 00:00:00+00:00,82.44849177277494,82.54071223580978,82.36708462779933,82.48918101280452,1057.4830065020162
2024-01-18 00:00:00+00:00,81.98584282106918,82.03723322577463,81.90123881270755,82.00804722600125,1246.1173229397048
2024-01-19 00:00:00+00:00,81.89561079049612,81.95353010212773,81.82140969102399,81.94719174184881,1495.0028476283928
2024-01-22 00:00:00+00:00,82.89797675004719,83.00666102243095,82.73823392465167,82.90096458531956,1186.652911262528
2024-01-23 00:00:00+00:00,83.63353104217832,83.66765674828702,83.40028645074229,83.43543473057692,1031.937622711352
2024-01-24 00:00:00+00:00,83.62523360831841,83.78534166586732,83.43760488153663,83.52448210860855,966.2340153171446
2024-01-25 00:00:00+00:00,83.58005106288277,83.69557344594969,83.5184506826278,83.66165525994481,602.2182939481673
2024-01-26 00:00:00+00:00,84.32699749356873,84.33347436858081,84.05852136951394,84.05991215640002,856.584445034251
2024-01-29 00:00:00+00:00,83.3291285430323,83.34951992809795,83.14104692363952,83.1916727399827,908.4770901088709
2024-01-30 00:00:00+00:00,83.94539887430233,84.09215066737349,83.75802391749995,83.8869067307565,884.7647420018002
2024-01-31 00:00:00+00:00,83.79851867003124,83.97395890962768,83.738230154273,83.95243733609728,1681.611686638027
2024-02-01 00:00:00+00:00,82.27014770619891,82.37575426582973,82.175468629076,82.22988599914831,1056.5452473163184
2024-02-02 00:00:00+00:00,82.43295517563995,82.5177445714097,82.29227600711357,82.30848672317178,1023.5586881978219
2024-02-05 00:00:00+00:00,81.27012193184787,81.39610939483012,81.06087713773135,81.2032728472446,910.3419868766285
2024-02-06 00:00:00+00:00,81.08081091406184,81.1829770269327,81.0803632454205,81.17881132839254,1046.2736445025869
2024-02-07 00:00:00+00:00,80.41172766987916,80.67525341167762,80.40699181996462,80.53706178150556,1221.8027316369737
2024-02-08 00:00:00+00:00,80.24781231001435,80.3999309384311,80.09060218981153,80.19244311600518,622.4646266894297
2024-02-09 00:00:00+00:00,79.6725165132637,79.69786862628308,79.57076371818518,79.68152957013034,799.5722382060676
2024-02-12 00:00:00+00:00,78.00312754779637,78.0999543731009,77.75768836552716,77.83290796522131,1209.1336667766159
2024-02-13 00:00:00+00:00,79.30721711238026,79.49150623990141,79.20613263778175,79.3387385540974,970.2904599965556
2024-02-14 00:00:00+00:00,79.79501838286899,79.93942039175386,79.77963028046393,79.82396396571396,1488.0943686578094
2024-02-15 00:00:00+00:00,81.13469333090475,81.27334834543066,81.0967178907595,81.23588228859836,1795.9603891392205
2024-02-16 00:00:00+00:00,80.96591095156093,81.08199435240437,80.93070440398445,80.94154442670822,1960.8523529114773
2024-02-19 00:00:00+00:00,80.44240686893623,80.62184242084238,80.28222676554579,80.56905248606769,893.6309734881146
2024-02-20 00:00:00+00:00,79.18917956246933,79.39308268771322,79.18865109455912,79.29376484982667,1115.102441520007
2024-02-21 00:00:00+00:00,78.45135362449332,78.64779690946241,78.2949486279568,78.52389709187617,1502.9043476367947
2024-02-22 00:00:00+00:00,78.02214932703511,78.1371705820717,77.84740118886148,77.97959224123105,1738.4557024861708
2024-02-23 00:00:00+00:00,78.42768772914363,78.64696932293249,78.33721008750265,78.52229508141399,1290.1465082111642
2024-02-26 00:00:00+00:00,78.06894670560624,78.1865573180008,77.9431750683871,78.0317746676577,929.0225851394845
2024-02-27 00:00:00+00:00,77.97602929763973,77.99739401950849,77.82208986881444,77.99127342244914,2258.089064723849
2024-02-28 00:00:00+00:00,78.05889789677181,78.28389976276314,78.02338640177524,78.18195555900319,617.4883561690314
2024-02-29 00:00:00+00:00,79.4497850308734,79.54086397967643,79.1268150783889,79.28128159015914,1081.0063418675795
2024-03-01 00:00:00+00:00,80.3197037881052,80.59441267848723,80.23362363790596,80.49476990631872,1111.0748659917228
2024-03-04 00:00:00+00:00,79.8260868766156,79.9167984240772,79.71664413389057,79.87751719576825,2189.3547830957136
2024-03-05 00:00:00+00:00,79.36341228237244,79.58793097233197,79.24054705351638,79.52324262869776,895.8066360650761
2024-03-06 00:00:00+00:00,78.03281974447091,78.17723925142525,77.74802018741892,77.83736494681179,1403.637205888633
2024-03-07 00:00:00+00:00,77.15395273577643,77.17503747414727,77.1156375874719,77.13734050680591,1019.891306519167
2024-03-08 00:00:00+00:00,78.14529319423117,78.17200330786743,78.10436344589476,78.13531326547151,867.0104478578932
2024-03-11 00:00:00+00:00,77.4884709251416,77.54336863388329,77.33442475153774,77.53865120263323,1790.4533608285858
2024-03-12 00:00:00+00:00,76.71805466504253,76.86255166118339,76.58428844813174,76.67306736359278,1057.7745052835783
2024-03-13 00:00:00+00:00,77.05904124751613,77.13271287181563,76.99317572410737,77.00638435271163,573.1878359102259
2024-03-14 00:00:00+00:00,77.22033632265115,77.3714424831208,77.02461260590218,77.1109339012173,668.6924822478787
2024-03-15 00:00:00+00:00,76.19442173650584,76.21775806406042,76.04119764615731,76.04889611824059,1508.4721215358427
2024-03-18 00:00:00+00:00,74.66871235027341,74.69490131023045,74.51013226036248,74.61583818431858,1345.2352416906215
2024-03-19 00:00:00+00:00,75.43895716103921,75.45580958748528,75.15702599198681,75.23729827016908,1277.395250237797
2024-03-20 00:00:00+00:00,75.48568782031043,75.6110118261434,75.38491549444798,75.42786460366426,1111.3920473208482
2024-03-21 00:00:00+00:00,74.8305480718311,75.18281535087962,74.73842611856173,75.09234822676851,886.6030184646338
2024-03-22 00:00:00+00:00,74.20861034580109,74.26376101589467,74.07224675199166,74.11427032930028,987.1707930235492
2024-03-25 00:00:00+00:00,73.40890588267747,73.59219203360472,73.26412192472633,73.51269067852665,1551.5779980549141
2024-03-26 00:00:00+00:00,72.62166719196969,72.6777473260292,72.53719051597211,72.53831392730906,2043.177827013995
2024-03-27 00:00:00+00:00,71.22896624208374,71.28133439287657,71.14209801187353,71.20099802182435,1368.056634240734
2024-03-28 00:00:00+00:00,71.75827851745797,71.93049540377022,71.62490164623817,71.9023361755152,824.9516757629184
2024-03-29 00:00:00+00:00,71.19130029612349,71.36751760309949,71.08020807343705,71.2983275926838,1438.23845399905
2024-04-01 00:00:00+00:00,70.94435404174592,70.98607001254406,70.73759259192515,70.85671010036089,1254.6340193959227
2024-04-02 00:00:00+00:00,70.63117772243005,70.75499525860437,70.60873868980384,70.67470607280318,657.837442057316
2024-04-03 00:00:00+00:00,71.18841012817524,71.1884908256027,71.0140696770692,71.06625605218555,1416.366319060915
2024-04-04 00:00:00+00:00,72.08515981227785,72.17426238135367,71.91459710131382,71.99135281795976,915.6594971157211
2024-04-05 00:00:00+00:00,72.11154638155377,72.20808178803787,71.95722096255837,72.06741814926445,1157.1243309984518
2024-04-08 00:00:00+00:00,72.2453374761911,72.25086923419786,71.97336850634824,72.08888386835157,957.5423955926959
2024-04-09 00:00:00+00:00,72.62784362303766,72.76604150610632,72.62348715877977,72.64084712897356,964.7572898602455
2024-04-10 00:00:00+00:00,73.56187394130374,73.68472391432559,73.44718474878418,73.4808747553242,971.7994944804857
2024-04-11 00:00:00+00:00,73.77463301015001,73.8244891695431,73.5566059427255,73.65758721090896,980.2991641802789
2024-04-12 00:00:00+00:00,73.61436206337265,73.80748402795162,73.60562411065835,73.76352924672506,1437.8748744274844
2024-04-15 00:00:00+00:00,73.92281751678865,74.2768706213239,73.77925138336875,74.12867861765152,1149.613705574514
2024-04-16 00:00:00+00:00,72.81744846930731,72.89935421801181,72.69208386078489,72.89725168376937,888.3859269683087
2024-04-17 00:00:00+00:00,73.11663340893709,73.28598195125515,72.99048919499735,73.25474012335845,1431.1684376501655
2024-04-18 00:00:00+00:00,72.29510349317353,72.33054824114056,72.2077328510353,72.23204096272339,1127.4084614340454
2024-04-19 00:00:00+00:00,73.79217120223956,73.84062365853836,73.69605420763037,73.76601419916041,992.1498833899941
2024-04-22 00:00:00+00:00,74.07330707110984,74.17978551653253,74.02713544326828,74.08985012903504,1048.2088594669656
2024-04-23 00:00:00+00:00,73.5324972993576,73.64214835390439,73.50744748095967,73.54561620294456,979.8473524933084
2024-04-24 00:00:00+00:00,74.18367409443653,74.20446863659188,74.05305887373922,74.0766856159071,1362.6546968987343
2024-04-25 00:00:00+00:00,74.0532288810884,74.11186829375055,73.69960125426103,73.83046541607193,1317.7067175781349
2024-04-26 00:00:00+00:00,74.85758185487967,75.20729856371844,74.82982065957712,75.06372073228516,968.1005053040946
2024-04-29 00:00:00+00:00,74.83821704871656,74.83979751848241,74.69011622539782,74.80880618208805,868.5820825701983
2024-04-30 00:00:00+00:00,73.63917192154746,73.76943176411815,73.54929061360235,73.6071632531602,1151.5721116875766
2024-05-01 00:00:00+00:00,74.47721501641041,74.48557535527786,74.305439121287,74.4251396436559,1076.841210108887
2024-05-02 00:00:00+00:00,75.26600207738215,75.27483291180825,74.98157679234558,75.06220016985056,1107.2825118010142
2024-05-03 00:00:00+00:00,76.71006955780639,76.81359761811065,76.54633923533945,76.62553945129868,2602.461901513594
2024-05-06 00:00:00+00:00,77.6909817308221,77.80886924756896,77.54136085479459,77.67385237506639,1093.3340806587112
2024-05-07 00:00:00+00:00,76.57399379137111,76.78296641093436,76.42896937105539,76.65546991221332,1282.0013313942995
2024-05-08 00:00:00+00:00,75.30025642646844,75.54879285243865,75.29669406041252,75.41060967625044,866.011402713331
2024-05-09 00:00:00+00:00,75.18665201264163,75.1891770506015,75.05753983319504,75.13978124405432,1154.9428240673014
2024-05-10 00:00:00+00:00,74.37686379089415,74.47396498075766,74.24802521796028,74.42360508267663,1386.8086666313707
2024-05-13 00:00:00+00:00,73.5751169394884,73.68630153242287,73.4305579132117,73.47580952922878,1235.8450615668633
2024-05-14 00:00:00+00:00,72.33463707843029,72.46107875450843,72.30919130629933,72.43840796455933,1052.8711704215923
2024-05-15 00:00:00+00:00,72.53282020497461,72.73425865815247,72.5176456243723,72.64440374519,856.89088218858
2024-05-16 00:00:00+00:00,72.36054902851768,72.65801063595892,72.24896915399408,72.55981405624615,1026.179605663758
2024-05-17 00:00:00+00:00,72.20116253889971,72.20945522511954,71.97506902043642,72.08358333948242,1069.615164499462
2024-05-20 00:00:00+00:00,72.69687926732851,72.76498809407263,72.55929132282859,72.71928044654344,746.9855655441507
2024-05-21 00:00:00+00:00,72.78279546008332,73.00951851251013,72.74146831927933,72.9008784744657,856.9661436102084
2024-05-22 00:00:00+00:00,73.61557002463348,73.64561590526,73.42651792190937,73.5069521904966,843.8070304972614
2024-05-23 00:00:00+00:00,73.4852489169671,73.5794907252292,73.20015728338313,73.30617339364956,1167.1887854593851
2024-05-24 00:00:00+00:00,73.68083462227956,73.86746474163873,73.63223613763287,73.75559133614286,808.8570089845864
2024-05-27 00:00:00+00:00,73.6346909458251,73.71659595367912,73.62599483904559,73.67822644192108,1887.4903954315184
2024-05-28 00:00:00+00:00,72.9683878807227,73.00556440353836,72.85069840336377,72.88707299531639,1089.85119792617
2024-05-29 00:00:00+00:00,74.02654338899578,74.06911539013079,73.91028310887577,73.98120721446023,1369.1497044895011
2024-05-30 00:00:00+00:00,72.85305099939764,72.98003409687219,72.79603156250296,72.86179224194437,729.8110130380716
2024-05-31 00:00:00+00:00,73.25882136778506,73.37597544207331,73.15424685786753,73.36374476399266,1179.6148625537942
2024-06-03 00:00:00+00:00,72.99930560557122,73.06646360052451,72.87451061704066,72.8786328889856,886.8197904849167
2024-06-04 00:00:00+00:00,71.77907689215881,71.8067632381657,71.71548830822826,71.80615924552016,1012.5449718309277
2024-06-05 00:00:00+00:00,71.72645241266397,71.8281290769808,71.44965526413846,71.56381233910872,818.8988260494089
2024-06-06 00:00:00+00:00,71.5624984356832,71.59372223196364,71.46544809236191,71.58252858543902,1769.283876842634
2024-06-07 00:00:00+00:00,71.5345651616857,71.79476924375268,71.48272422992659,71.66676173187373,1099.111677406016
2024-06-10 00:00:00+00:00,71.16885772538464,71.41334766360588,71.04258281879858,71.31083926487807,1353.1942852408413
2024-06-11 00:00:00+00:00,70.3878601781393,70.51430802160914,70.21613761813698,70.30395609519859,1342.4056304351448
2024-06-12 00:00:00+00:00,70.16955356371555,70.3376604624805,70.14537299806881,70.22780092705378,785.6089420166231
2024-06-13 00:00:00+00:00,69.55194530782506,69.6988981663139,69.48017034837557,69.6109483399591,1572.3357451624258
2024-06-14 00:00:00+00:00,69.85104591807904,70.07405209379891,69.71140898312633,70.01477811128083,1787.0084238604875
2024-06-17 00:00:00+00:00,69.55226305686374,69.74384831597123,69.50126852461312,69.65761464598529,1160.706701020423
2024-06-18 00:00:00+00:00,70.35538881088584,70.48289483496904,70.27486843071993,70.3368545969068,1016.1783989268516
2024-06-19 00:00:00+00:00,70.24821557260631,70.31304671571327,70.1447665736348,70.30137933161572,911.7645425365807
2024-06-20 00:00:00+00:00,69.70240496092983,69.75683435900434,69.70156421928138,69.71352022501634,1138.3319679985723
2024-06-21 00:00:00+00:00,69.30419080392065,69.35926521354281,69.18224055272587,69.25187707248236,1344.0985566085717
2024-06-24 00:00:00+00:00,69.04896782195793,69.1184933908635,68.98181914262936,69.00344671404267,1300.0735066564364
2024-06-25 00:00:00+00:00,70.25143473852457,70.32973636765347,70.08213534678231,70.19550458450266,894.4910995632157
2024-06-26 00:00:00+00:00,70.4732777933077,70.56715817515486,70.36554382936166,70.4517120773316,918.4335949272019
2024-06-27 00:00:00+00:00,69.76308558376425,69.85296572946015,69.75463907855188,69.85201672002201,510.224256169414
2024-06-28 00:00:00+00:00,69.88255926728613,70.02912828452197,69.80829381949745,69.99341791374347,1090.6417884078542
